Project definition,WBS element,Name,Level,Status
M0-21001,M0-21001.9000000171,PGDN 2 (DUA) UNIT PROTOTIPE PERTASHOP,1,REL   //  KTRK
M0-21002,M0-21002.9000000005,PEMBUATAN STOCK MODULAR PERTASHOP,1,REL  ACPT  //  KTRK
M0-21002,M0-21002.9000000008,PEMBUATAN STOCK MODULAR PERTASHOP,1,REL   //  KTRK
M0-21002,M0-21002.9000000000.8,PEMBUATAN STOCK MODULAR PERTASHOP,1,REL   //  KTRK
M0-21002,M0-21002.9000000030,PEMBUATAN STOCK MODULAR PERTASHOP,1,REL  ACPT  //  KTRK
M0-21003,M0-21003.9000000005,PT CALVIN HARTONO JAYA-PEMBUATAN STOCK M,1,REL  ACPT  //  KTRK
M0-21003,M0-21003.9000000006,CV PHICO JAYA-PEMBUATAN STOCK MODULAR PE,1,REL  ACPT  //  KTRK
M0-22001,M0-22001.9000000006,PEMBUATAN STOCK MODULAR PERTASHOP,1,REL  ACPT  //  KTRK
M0-22001,M0-22001.9000000010,PT ALAMIN ALI KARYA-PEMBUATAN STOCK MODU,1,REL  ACPT  //  KTRK
M0-22001,M0-22001.9000000016,CV ANKA SANJAYA-PEMBUATAN STOCK MODULAR,1,REL  ACPT  //  KTRK
M0-22001,M0-22001.9000000019,CV API TRISAKTI-PEMBUATAN STOCK MODULAR,1,REL  ACPT  //  KTRK
M0-22001,M0-22001.9000000020,CV ARDANSA WIJAYA-PEMBUATAN STOCK MODULA,1,REL  ACPT  //  KTRK
M0-22001,M0-22001.9000000021,UD AYU-PEMBUATAN STOCK MODULAR PERTASHOP,1,REL  ACPT  //  KTRK
M0-22001,M0-22001.9000000023,CV BYAKTA BANGUN MANDIRI-PEMBUATAN STOCK,1,REL  ACPT  //  KTRK
M0-22001,M0-22001.9000000029,PT BAYANAKA MARTHA PUTRA-PEMBUATAN STOCK,1,REL  ACPT  //  KTRK
M0-22001,M0-22001.9000000033,UD BUNCING SARI-PEMBUATAN STOCK MODULAR,1,REL  ACPT  //  KTRK
M0-22001,M0-22001.9000000039,CV EKO MOBIL-PEMBUATAN STOCK MODULAR PER,1,REL  ACPT  //  KTRK
M0-22001,M0-22001.9000000044,CV GAS SUMBER KENCANA-PEMBUATAN STOCK MO,1,REL  ACPT  //  KTRK
M0-22001,M0-22001.9000000052,CV IRWAN FAMILY BERKAH-PEMBUATAN STOCK M,1,REL  ACPT  //  KTRK
M0-22001,M0-22001.9000000055,PT KARYA MIGAS UTAMA-PEMBUATAN STOCK MOD,1,REL  ACPT  //  KTRK
M0-22001,M0-22001.9000000056,CV KARYA NUGRAHA-PEMBUATAN STOCK MODULAR,1,REL  ACPT  //  KTRK
M0-22001,M0-22001.9000000057,CV KETORO SONGO-PEMBUATAN STOCK MODULAR,1,REL  ACPT  //  KTRK
M0-22001,M0-22001.9000000058,CV KETORO WOLU-PEMBUATAN STOCK MODULAR P,1,REL  ACPT  //  KTRK
M0-22001,M0-22001.9000000059,CV LEMBAR USAHA JAYA-PEMBUATAN STOCK MOD,1,REL  ACPT  //  KTRK
M0-22001,M0-22001.9000000062,CV MORO DJOYO RIZKI BAROKAH ABADI-PEMBUA,1,REL  ACPT  //  KTRK
M0-22001,M0-22001.9000000063,CV MORO DJOYO SUKSES UNGGUL ABADI-PEMBUA,1,REL  ACPT  //  KTRK
M0-22001,M0-22001.9000000069,CV MANFAAT PUTRA-PEMBUATAN STOCK MODULAR,1,REL  ACPT  //  KTRK
M0-22001,M0-22001.9000000076,PT PURNAMA GAS UTAMA-PEMBUATAN STOCK MOD,1,REL  ACPT  //  KTRK
M0-22001,M0-22001.9000000086,UD RIZQI ENERGI-PEMBUATAN STOCK MODULAR,1,REL  ACPT  //  KTRK
M0-22001,M0-22001.9000000090,UD RANGKEP-PEMBUATAN STOCK MODULAR PERTA,1,REL  ACPT  //  KTRK
M0-22001,M0-22001.9000000092,UD SUMBER ALAM-PEMBUATAN STOCK MODULAR P,1,REL  ACPT  //  KTRK
M0-22001,M0-22001.9000000104,CV SOPO GABE MADUMA-PEMBUATAN STOCK MODU,1,REL  ACPT  //  KTRK
M0-22001,M0-22001.9000000117,CV WENDI PUTRA-PEMBUATAN STOCK MODULAR P,1,REL  ACPT  //  KTRK
M0-22001,M0-22001.9000000123,CV KETORO SONGO-PEMBUATAN STOCK MODULAR,1,REL  ACPT  //  KTRK
M0-22001,M0-22001.9000000169,CV SAMAWA BERKARYA-PEMBUATAN STOCK MODUL,1,REL  ACPT  //  KTRK
M0-22001,M0-22001.8000022001,AFTERSALES PMBTN STOCK MODULAR 1000 UN,1,CRTD  //  KTRK
M0-22002,M0-22002.9000000065,UD MOCHAMAD ISKANDAR,1,REL  SETC  //  KTRK
M0-22002,M0-22002.9000000125,CV RAHAYU GEMILANG ABADI,1,REL  SETC  //  KTRK
M0-22003,M0-22003.9000000006,CV SINERGI EMPAT PILAR,1,REL  LKD  ACPT  //  KTRK
M0-22003,M0-22003.9000000017,UD ADI PUTRA,1,REL  LKD  ACPT  //  KTRK
M0-23001,M0-23001.9000000109,PEMBUATAN STOCK MODULAR PERTASHOP 2023,1,REL   //  KTRK
M0-23001,M0-23001.9000000110,PEMBUATAN STOCK MODULAR PERTASHOP 2023,1,REL  LKD  ACPT  //  KTRK
M0-23001,M0-23001.9000000119,PEMBUATAN STOCK MODULAR PERTASHOP 2023,1,REL  ACPT  //  KTRK
M0-23002,M0-23002.9000000214,PROTOTYPE REEFER CONTAINER 40 FEET,1,REL   //  KTRK
M0-23003,M0-23003.9000000233,RISET & PENGEMBANGAN E-KIOS SMARTFACTORY,1,REL   //  SPMK
M0-23004,M0-23004.7000000001,PEMBANGUNAN WS BAGI 3 TAHAP 2,1,REL   //  KTRK
M0-23004,M0-23004.7000000001.1,PEMBANGUNAN WS BAGI 3 TAHAP 2,2,REL   //  KTRK
M0-23004,M0-23004.7000000001.3,INSTL PIPA ANGIN & PENERANGAN WS BAGI 3,2,REL   //  KTRK
M0-23004,M0-23004.7000000002,INVENTARIS KANTOR,1,REL   //  KTRK
M0-23004,M0-23004.7000000003,INSTALASI,1,REL   //  KTRK
M0-23004,M0-23004.7000000003.1,INSTALASI LISTRIK & PIPA GAS BAGI 3,2,REL   //  KTRK
M0-23004,M0-23004.7000000004,PEKERJAAN RELAYOUT WS IMS BAGI 1 2023,1,REL   //  KTRK
M0-23004,M0-23004.7000000004.1,INSTALASI RELAYOUT WS BAGI 1 2023,2,REL   //  KTRK
M0-23004,M0-23004.7000000004.2,INVENTARIS RELAYOUT WS IMS BAGI 1 2023,2,REL   //  KTRK
M0-23004,M0-23004.7000000005,PEMBANGUNAN TANGGA DARURAT,1,REL   //  KTRK
M0-23004,M0-23004.7000000006,INSTALASI KANTOR,1,REL   //  KTRK
M0-23004,M0-23004.7000000007,INVESTASI MESIN 2023,1,REL   //  KTRK
M0-24001,M0-24001.7000000001,INVESTASI BANGUNAN 2024,1,REL
M0-24001,M0-24001.7000000001.1,PERLUASAN WS BAGI 3,2,REL
M0-24001,M0-24001.7000000002,INVESTASI KENDARAAN 2024,1,REL
M0-24001,M0-24001.7000000003,INVESTASI KANTOR 2024,1,REL
M0-24001,M0-24001.7000000004,INVESTASI MESIN 2024,1,REL
M0-24001,M0-24001.7000000005,INVESTASI INSTALASI 2024,1,REL
M0-24001,M0-24001.7000000005.1,INSTALASI LISTRIK & PIPA GAS WS BAGI 3,2,REL
M1-19002,M1-19002.4500007537,10 TS KRL KFW REVITALISASI,1,REL   //  KTRK
M1-19012,M1-19012.4300001689,31 TS LRT JABODEBEK,1,REL  ACPT  //  KTRK
M1-20001,M1-20001.4300002499,1 TMC & 20 PPCW,1,REL  ACPT  //  KTRK
M1-20001,M1-20001.4500009228,1 TMC & 20 PPCW,1,REL  ACPT  //  KTRK
M1-20002,M1-20002.4300002173,10 TS KRL KFW REVITALISASI,1,REL  ACPT  //  KTRK
M1-20002,M1-20002.4300002277,10 TS KRL KFW REVITALISASI,1,REL  ACPT  //  KTRK
M1-20007,M1-20007.4300002498,3 UNIT LOCO + 15 CAR PASS. COACH PNR,1,REL   //  KTRK
M1-20007,M1-20007.4500009074,3 UNIT LOCO + 15 CAR PASS. COACH PNR,1,REL  ACPT  //  KTRK
M1-20007,M1-20007.4300002541,3 UNIT LOCO + 15 CAR PASS. COACH PNR,1,REL   //  KTRK
M1-20010,M1-20010.4300002498,4 TS KRDE BIAS,1,REL   //  KTRK
M1-20010,M1-20010.4500009477,4 TS KRDE BIAS,1,REL   //  KTRK
M1-20010,M1-20010.4300002265,4 TS KRDE BIAS,1,REL  ACPT  //  KTRK
M1-20010,M1-20010.4500009074,4 TS KRDE BIAS,1,REL  ACPT  //  KTRK
M1-20010,M1-20010.4300002160,4 TS KRDE BIAS,1,REL   //  KTRK
M1-20013,M1-20013.4300002631,PEKERJAAN JASA PEMBUATAN MASJID BANYUWAN,1,REL  SETC  //  KTRK
M1-20014,M1-20014.4300002453,FASILITAS PRODUKSI,1,REL   //  KTRK
M1-20015,M1-20015.4300002498,31 TS LRT JABODEBEK,1,REL  ACPT  //  KTRK
M1-20015,M1-20015.4300002556,31 TS LRT JABODEBEK,1,REL  ACPT  //  KTRK
M1-20016,M1-20016.4300002210,PEKERJAAN EMERGENCY MEDIC TRAIN,1,REL  ACPT  //  KTRK
M1-20020,M1-20020.4500009439,PENGADAAN 1 UNIT KERETA UKUR MYC,1,REL  ACPT  //  KTRK
M1-20020,M1-20020.4500009360,PENGADAAN 1 UNIT KERETA UKUR MYC,1,REL  ACPT  //  KTRK
M1-20020,M1-20020.4500009396,PENGADAAN 1 UNIT KERETA UKUR MYC,1,REL  ACPT  //  KTRK
M1-20021,M1-20021.4300001953,PENGADAAN 1 UNIT TMC ACEH LEBAR 1435 MM,1,REL   //  KTRK
M1-20021,M1-20021.4500009370,PENGADAAN 1 UNIT TMC ACEH LEBAR 1435 MM,1,REL  ACPT  //  KTRK
M1-20021,M1-20021.4500009466,PENGADAAN 1 UNIT TMC ACEH LEBAR 1435 MM,1,REL  ACPT  //  KTRK
M1-20025,M1-20025.4500009494,PMK BOGIE,1,REL  ACPT  //  KTRK
M1-20027,M1-20027.4300002592,PROTOTYPE BOGIE TRAM,1,REL  ACPT  //  KTRK
M1-21001,M1-21001.1200000001,31 TS LRT JABODEBEK,1,REL  SETC  //  SPH
M1-21001,M1-21001.1200000004,31 TS LRT JABODEBEK,1,REL  SETC  //  SPH
M1-21001,M1-21001.1200000009,31 TS LRT JABODEBEK,1,REL  SETC  //  SPH
M1-21001,M1-21001.1200000015,31 TS LRT JABODEBEK,1,REL  SETC  //  SPH
M1-21001,M1-21001.4300003476,31 TS LRT JABODEBEK,1,REL  SETC  //  KTRK
M1-21001,M1-21001.4300003345,31 TS LRT JABODEBEK,1,REL  SETC  //  KTRK
M1-21001,M1-21001.4300003338,31 TS LRT JABODEBEK,1,REL  SETC  //  KTRK
M1-21001,M1-21001.1200000024,31 TS LRT JABODEBEK,1,REL  SETC  //  SPH
M1-21001,M1-21001.1300000001,31 TS LRT JABODEBEK,1,REL  SETC  //  PRSL
M1-21001,M1-21001.1300000003,31 TS LRT JABODEBEK,1,REL  SETC  //  PRSL
M1-21001,M1-21001.1200000029,31 TS LRT JABODEBEK,1,REL  SETC  //  SPH
M1-21001,M1-21001.1300000005,31 TS LRT JABODEBEK,1,REL  SETC  //  PRSL
M1-21001,M1-21001.4300003457,31 TS LRT JABODEBEK,1,REL  SETC  //  KTRK
M1-21001,M1-21001.4300002812,31 TS LRT JABODEBEK,1,REL  ACPT  //  KTRK
M1-21001,M1-21001.4300003093,31 TS LRT JABODEBEK,1,REL  ACPT  //  KTRK
M1-21001,M1-21001.4300002768,31 TS LRT JABODEBEK,1,REL   //  KTRK
M1-21001,M1-21001.4300002903,31 TS LRT JABODEBEK,1,REL  ACPT  //  KTRK
M1-21001,M1-21001.0000000000.4.30,31 TS LRT JABODEBEK,1,REL   //  KTRK
M1-21001,M1-21001.4300003192,31 TS LRT JABODEBEK,1,REL  ACPT  //  KTRK
M1-21001,M1-21001.4300002912,31 TS LRT JABODEBEK,1,REL  ACPT  //  KTRK
M1-21002,M1-21002.4300002925,10 UNIT AC PNR,1,REL  ACPT  //  KTRK
M1-21002,M1-21002.4300003086,10 UNIT AC PNR,1,REL  ACPT  //  KTRK
M1-21003,M1-21003.4500009618,4 TS KRDE BIAS,1,REL  SETC  //  KTRK
M1-21003,M1-21003.4300003386,4 TS KRDE BIAS,1,REL  SETC  //  KTRK
M1-21003,M1-21003.4300003397,4 TS KRDE BIAS,1,REL  SETC  //  KTRK
M1-21003,M1-21003.4300003382,4 TS KRDE BIAS,1,REL  SETC  //  KTRK
M1-21003,M1-21003.4300003072,4 TS KRDE BIAS,1,REL  ACPT  //  KTRK
M1-21004,M1-21004.4300003466,10 TS KRL KFW REVITALISASI,1,REL  SETC  //  KTRK
M1-21004,M1-21004.4500009570,10 TS KRL KFW REVITALISASI,1,REL  SETC  //  KTRK
M1-21004,M1-21004.4500009618,10 TS KRL KFW REVITALISASI,1,REL  ACPT SETC  //  KTRK
M1-21004,M1-21004.4500009640,10 TS KRL KFW REVITALISASI,1,REL  SETC  //  KTRK
M1-21004,M1-21004.4500009669,10 TS KRL KFW REVITALISASI,1,REL  SETC  //  KTRK
M1-21004,M1-21004.4500009686,10 TS KRL KFW REVITALISASI,1,REL  ACPT SETC  //  KTRK
M1-21004,M1-21004.4300003350,10 TS KRL KFW REVITALISASI,1,REL  SETC  //  KTRK
M1-21004,M1-21004.4500009726,10 TS KRL KFW REVITALISASI,1,REL  SETC  //  KTRK
M1-21004,M1-21004.4300003338,10 TS KRL KFW REVITALISASI,1,REL  SETC  //  KTRK
M1-21004,M1-21004.4500009778,10 TS KRL KFW REVITALISASI,1,REL  ACPT SETC  //  KTRK
M1-21004,M1-21004.4300003368,10 TS KRL KFW REVITALISASI,1,REL  SETC  //  KTRK
M1-21004,M1-21004.4300002812,10 TS KRL KFW REVITALISASI,1,REL  ACPT  //  KTRK
M1-21004,M1-21004.4300003022,10 TS KRL KFW REVITALISASI,1,REL  ACPT  //  KTRK
M1-21004,M1-21004.4300002795,10 TS KRL KFW REVITALISASI,1,REL   //  KTRK
M1-21004,M1-21004.4300002916,10 TS KRL KFW REVITALISASI,1,REL  ACPT  //  KTRK
M1-21004,M1-21004.4300002781,10 TS KRL KFW REVITALISASI,1,REL  ACPT  //  KTRK
M1-21004,M1-21004.4300002920,10 TS KRL KFW REVITALISASI,1,REL  ACPT  //  KTRK
M1-21004,M1-21004.4500009766,10 TS KRL KFW REVITALISASI,1,REL  ACPT  //  KTRK
M1-21004,M1-21004.4300003145,10 TS KRL KFW REVITALISASI,1,REL  ACPT  //  KTRK
M1-21004,M1-21004.4300003233,10 TS KRL KFW REVITALISASI,1,REL  ACPT  //  KTRK
M1-21004,M1-21004.4300002778,10 TS KRL KFW REVITALISASI,1,REL  ACPT  //  KTRK
M1-21004,M1-21004.4300003086,10 TS KRL KFW REVITALISASI,1,REL  ACPT  //  KTRK
M1-21004,M1-21004.4300003157,10 TS KRL KFW REVITALISASI,1,REL  ACPT  //  KTRK
M1-21005,M1-21005.4300003338,3 UNIT LOCO + 15 CAR PASS. COACH PNR,1,REL  SETC  //  KTRK
M1-21005,M1-21005.4300002979,3 UNIT LOCO + 15 CAR PASS. COACH PNR,1,REL   //  KTRK
M1-21006,M1-21006.4500009503,200 MG BANGLADESH,1,REL  SETC  //  KTRK
M1-21006,M1-21006.4300003397,200 MG BANGLADESH,1,REL  SETC  //  KTRK
M1-21006,M1-21006.4300002795,200 MG BANGLADESH,1,REL  ACPT  //  KTRK
M1-21006,M1-21006.4300002979,200 MG BANGLADESH,1,REL  ACPT  //  KTRK
M1-21006,M1-21006.4300003233,200 MG BANGLADESH,1,REL  ACPT  //  KTRK
M1-21007,M1-21007.4500009706,PENGADAAN 1 UNIT KERETA UKUR MYC,1,REL  ACPT SETC  //  KTRK
M1-21007,M1-21007.4500009741,PENGADAAN 1 UNIT KERETA UKUR MYC,1,REL  SETC  //  KTRK
M1-21007,M1-21007.4500009744,PENGADAAN 1 UNIT KERETA UKUR MYC,1,REL  ACPT SETC  //  KTRK
M1-21007,M1-21007.4300003348,PENGADAAN 1 UNIT KERETA UKUR MYC,1,REL  SETC  //  KTRK
M1-21007,M1-21007.4300003022,PENGADAAN 1 UNIT KERETA UKUR MYC,1,REL   //  KTRK
M1-21007,M1-21007.4300003186,PENGADAAN 1 UNIT KERETA UKUR MYC,1,REL   //  KTRK
M1-21007,M1-21007.4300003072,PENGADAAN 1 UNIT KERETA UKUR MYC,1,REL  ACPT  //  KTRK
M1-21007,M1-21007.4300002641,PENGADAAN 1 UNIT KERETA UKUR MYC,1,REL  ACPT  //  KTRK
M1-21007,M1-21007.4300003093,PENGADAAN 1 UNIT KERETA UKUR MYC,1,REL  ACPT  //  KTRK
M1-21007,M1-21007.4500009503,PENGADAAN 1 UNIT KERETA UKUR MYC,1,REL   //  KTRK
M1-21007,M1-21007.4500009669,PENGADAAN 1 UNIT KERETA UKUR MYC,1,REL  ACPT  //  KTRK
M1-21007,M1-21007.4300003233,PENGADAAN 1 UNIT KERETA UKUR MYC,1,REL  ACPT  //  KTRK
M1-21007,M1-21007.4300002778,PENGADAAN 1 UNIT KERETA UKUR MYC,1,REL  ACPT  //  KTRK
M1-21007,M1-21007.4500009726,PENGADAAN 1 UNIT KERETA UKUR MYC,1,REL  ACPT  //  KTRK
M1-21007,M1-21007.4300003086,PENGADAAN 1 UNIT KERETA UKUR MYC,1,REL  ACPT  //  KTRK
M1-21008,M1-21008.4300002812,PENGADAAN 1 UNIT TMC ACEH LEBAR 1435 MM,1,REL   //  KTRK
M1-21008,M1-21008.4300003186,PENGADAAN 1 UNIT TMC ACEH LEBAR 1435 MM,1,REL  ACPT  //  KTRK
M1-21008,M1-21008.4300003203,PENGADAAN 1 UNIT TMC ACEH LEBAR 1435 MM,1,REL  ACPT  //  KTRK
M1-21008,M1-21008.4500009741,PENGADAAN 1 UNIT TMC ACEH LEBAR 1435 MM,1,REL  ACPT  //  KTRK
M1-21009,M1-21009.4300003259,PENGADAAN 480 UNIT KKBW,1,REL  ACPT SETC  //  KTRK
M1-21009,M1-21009.4500009783,PENGADAAN 480 UNIT KKBW,1,REL  SETC  //  KTRK
M1-21009,M1-21009.9000000150,PENGADAAN 480 UNIT KKBW,1,REL   //  KTRK
M1-21009,M1-21009.9000000036,PENGADAAN 480 UNIT KKBW,1,REL  ACPT  //  KTRK
M1-21010,M1-21010.4300003409,KERETA UKUR KONGO,1,REL  SETC  //  KTRK
M1-21010,M1-21010.4300003345,KERETA UKUR KONGO,1,REL  SETC  //  KTRK
M1-21010,M1-21010.4300003043,KERETA UKUR KONGO,1,REL  ACPT  //  KTRK
M1-21010,M1-21010.4300003186,KERETA UKUR KONGO,1,REL   //  KTRK
M1-21011,M1-21011.4300003368,PROTOTIPE CONTROLLER SIV DAN VVVF,1,REL  SETC  //  KTRK
M1-21011,M1-21011.4500009764,PROTOTIPE CONTROLLER SIV DAN VVVF,1,REL  ACPT  //  KTRK
M1-21011,M1-21011.4300003233,PROTOTIPE CONTROLLER SIV DAN VVVF,1,REL  ACPT  //  KTRK
M1-21012,M1-21012.4300002795,4 TS DMU PHILIPPINE,1,REL  ACPT  //  KTRK
M1-21012,M1-21012.4300002916,4 TS DMU PHILIPPINE,1,REL   //  KTRK
M1-21012,M1-21012.4300003492,4 TS DMU PHILIPPINE,1,REL  ACPT  //  KTRK
M1-21013,M1-21013.4300002936,438 UNIT KERETA,1,REL  ACPT  //  KTRK
M1-21014,M1-21014.4300004475,PERBAIKAN & IMPROVEMENT PPCW 57 TON,1,REL  SETC  //  KTRK
M1-21014,M1-21014.4300002860,PERBAIKAN & IMPROVEMENT PPCW 57 TON,1,REL  ACPT  //  KTRK
M1-21015,M1-21015.4300002778,600 CAR PPCW 42 TON,1,REL  ACPT  //  KTRK
M1-21016,M1-21016.1200000022,PEMBUATAN MOCKUP SLEEPER CAR GEN KE TIGA,1,REL  SETC  //  SPMK
M1-21017,M1-21017.4500009815,AC HST-UI,1,REL  SETC  //  KTRK
M1-21018,M1-21018.4300003329,PENGADAAN KERETA UKUR LRT JABODEBEK,1,REL  ACPT SETC  //  KTRK
M1-21019,M1-21019.1200000028,PENGADAAN KA DEREK LRT JABODEBEK,1,REL  LKD  SETC  //  SPH
M1-21019,M1-21019.1300000002,PENGADAAN KA DEREK LRT JABODEBEK,1,REL  SETC  //  KTRK
M1-21019,M1-21019.1300000006,PENGADAAN KA DEREK LRT JABODEBEK,1,REL  LKD  SETC  //  PRSL
M1-21020,M1-21020.4300003145,PEKERJAAN PEMBUATAN 2 UNIT CHASIS BUS BA,1,REL  ACPT  //  KTRK
M1-21020,M1-21020.4300004275,PEKERJAAN PEMBUATAN 2 UNIT CHASIS BUS BA,1,REL  ACPT  //  KTRK
M1-21021,M1-21021.4500009727,PEKERJAAN PENGADAAN 1 (SATU) UNIT AC BUS,1,REL  ACPT  //  KTRK
M1-21022,M1-21022.4500009721,INKA-PEKERJAAN PENGADAAN PROTOTYPE AC BU,1,REL  ACPT  //  KTRK
M1-21024,M1-21024.4300003092,INKA-PENGADAAN 2 UNIT PROTOTIPE MINI REF,1,REL  ACPT  //  KTRK
M1-21024,M1-21024.9000000189,INKA-PENGADAAN 2 UNIT PROTOTIPE MINI REF,1,REL   //  KTRK
M1-21024,M1-21024.8000121024,AFTERSALES PGDN 2 UN PROTOTIPE CONTAINER,1,CRTD  //  KTRK
M1-21026,M1-21026.4300002812,IPENGADAAN KERETA PPCW NEW DESIGN,1,REL   //  KTRK
M1-21027,M1-21027.4300002936,PENGADAAN MOBIL TOKO ELEKTRIK,1,REL  ACPT  //  KTRK
M1-21028,M1-21028.9000000185,PGDN REEFER CONTAINER 20 FEET & 40 FEET,1,REL   //  KTRK
M1-21030,M1-21030.4300002781,PERBAIKAN & IMPROVEMENT PPCW 57 TON,1,REL  ACPT  //  KTRK
M1-21032,M1-21032.4300003116,INKA-PROTOTYPE BOGIE MEDIUM SPEED TRAIN,1,REL  ACPT  //  KTRK
M1-21033,M1-21033.4300003186,INKA-PROTOTYPE BOGIE TRAM,1,REL  ACPT  //  KTRK
M1-21033,M1-21033.4300002916,INKA-PROTOTYPE BOGIE TRAM,1,CRTD  //  KTRK
M1-21034,M1-21034.4300003186,INKA-PROTOTYPE RAIL GUIDE TRAM GUNAKSA B,1,REL  ACPT  //  KTRK
M1-22001,M1-22001.1200000033,31 TS LRT JABODEBEK,1,REL  SETC  //  SPH
M1-22001,M1-22001.1200000039,31 TS LRT JABODEBEK,1,REL  SETC  //  SPH
M1-22001,M1-22001.1200000040,31 TS LRT JABODEBEK,1,REL  SETC  //  SPH
M1-22001,M1-22001.4300003434,31 TS LRT JABODEBEK,1,REL  ACPT SETC  //  KTRK
M1-22001,M1-22001.4300003457,31 TS LRT JABODEBEK,1,REL  ACPT SETC  //  KTRK
M1-22001,M1-22001.1300000014,31 TS LRT JABODEBEK,1,REL  SETC  //  PRSL
M1-22001,M1-22001.4300003338,31 TS LRT JABODEBEK,1,REL  ACPT  //  KTRK
M1-22001,M1-22001.4300003695,31 TS LRT JABODEBEK,1,REL  ACPT  //  KTRK
M1-22001,M1-22001.4300003749,31 TS LRT JABODEBEK,1,REL  ACPT  //  KTRK
M1-22001,M1-22001.4300003700,31 TS LRT JABODEBEK,1,REL  ACPT  //  KTRK
M1-22001,M1-22001.4300003556,31 TS LRT JABODEBEK,1,REL  ACPT  //  KTRK
M1-22001,M1-22001.4300003616,31 TS LRT JABODEBEK,1,REL  ACPT  //  KTRK
M1-22001,M1-22001.4300003586,31 TS LRT JABODEBEK,1,REL  ACPT  //  KTRK
M1-22001,M1-22001.4300003476,31 TS LRT JABODEBEK,1,REL  ACPT  //  KTRK
M1-22001,M1-22001.4300003543,31 TS LRT JABODEBEK,1,REL  ACPT  //  KTRK
M1-22001,M1-22001.9000000026,31 TS LRT JABODEBEK,1,REL   //  KTRK
M1-22001,M1-22001.4300003683,31 TS LRT JABODEBEK,1,REL  ACPT  //  KTRK
M1-22001,M1-22001.4300003642,31 TS LRT JABODEBEK,1,REL  ACPT  //  KTRK
M1-22001,M1-22001.4300003722,31 TS LRT JABODEBEK,1,REL  ACPT  //  KTRK
M1-22001,M1-22001.9000000070,31 TS LRT JABODEBEK,1,REL   //  KTRK
M1-22001,M1-22001.4300004256.1,31 TS LRT JABODEBEK,1,REL   //  KTRK
M1-22001,M1-22001.9000000076,31 TS LRT JABODEBEK,1,REL   //  SPH
M1-22001,M1-22001.9000000079,31 TS LRT JABODEBEK,1,REL   //  SPH
M1-22001,M1-22001.4500009885,31 TS LRT JABODEBEK,1,REL   //  KTRK
M1-22001,M1-22001.4300003492,31 TS LRT JABODEBEK,1,REL  ACPT  //  KTRK
M1-22001,M1-22001.4300003752,31 TS LRT JABODEBEK,1,REL   //  KTRK
M1-22001,M1-22001.4300003950,31 TS LRT JABODEBEK,1,REL   //  KTRK
M1-22001,M1-22001.4300004236.2,31 TS LRT JABODEBEK,1,REL  ACPT  //  KTRK
M1-22001,M1-22001.4300004096,31 TS LRT JABODEBEK,1,REL  ACPT  //  KTRK
M1-22001,M1-22001.4300004205.1,31 TS LRT JABODEBEK,1,REL  ACPT  //  KTRK
M1-22001,M1-22001.4300004275,31 TS LRT JABODEBEK,1,REL   //  KTRK
M1-22001,M1-22001.4300004442,31 TS LRT JABODEBEK,1,REL   //  KTRK
M1-22001,M1-22001.4300004236.1,31 TS LRT JABODEBEK,1,REL  ACPT  //  KTRK
M1-22001,M1-22001.4300004394,31 TS LRT JABODEBEK,1,REL  ACPT  //  KTRK
M1-22001,M1-22001.4300004141,31 TS LRT JABODEBEK,1,REL   //  KTRK
M1-22001,M1-22001.4300004205.2,31 TS LRT JABODEBEK,1,REL   //  KTRK
M1-22001,M1-22001.4300004256.2,31 TS LRT JABODEBEK,1,REL   //  KTRK
M1-22001,M1-22001.4300004496,31 TS LRT JABODEBEK,1,REL   //  KTRK
M1-22001,M1-22001.9000000248,31 TS LRT JABODEBEK,1,REL   //  SPH
M1-22001,M1-22001.4300004256.3,31 TS LRT JABODEBEK,1,REL   //  KTRK
M1-22001,M1-22001.9000000257,31 TS LRT JABODEBEK,1,REL   //  SPH
M1-22001,M1-22001.9000000258,31 TS LRT JABODEBEK,1,REL   //  SPH
M1-22001,M1-22001.9000000263,31 TS LRT JABODEBEK,1,REL   //  SPH
M1-22001,M1-22001.9000000266,31 TS LRT JABODEBEK,1,REL   //  SPH
M1-22001,M1-22001.4300004256.4,31 TS LRT JABODEBEK,1,REL   //  KTRK
M1-22001,M1-22001.4300004444,31 TS LRT JABODEBEK,1,REL   //  KTRK
M1-22001,M1-22001.9000000274,31 TS LRT JABODEBEK,1,REL   //  SPH
M1-22001,M1-22001.9000000276,31 TS LRT JABODEBEK,1,REL   //  SPH
M1-22001,M1-22001.4300004452,31 TS LRT JABODEBEK,1,REL  ACPT  //  KTRK
M1-22001,M1-22001.4300004296,31 TS LRT JABODEBEK,1,REL   //  KTRK
M1-22001,M1-22001.4300004337,31 TS LRT JABODEBEK,1,REL   //  KTRK
M1-22001,M1-22001.9000000289,31 TS LRT JABODEBEK,1,REL  LKD   //  SPH
M1-22001,M1-22001.4300004446,31 TS LRT JABODEBEK,1,REL  ACPT  //  KTRK
M1-22001,M1-22001.4300004434,31 TS LRT JABODEBEK,1,REL   //  KTRK
M1-22001,M1-22001.4300004666,31 TS LRT JABODEBEK,1,REL  ACPT  //  KTRK
M1-22001,M1-22001.4300004715,"PMBTN LABEL B14,B33 (31 TS LRT)",1,REL  ACPT  //  KTRK
M1-22001,M1-22001.9000000347,31 TS LRT JABODEBEK,1,REL   //  SPH
M1-22001,M1-22001.9000000351,31 TS LRT JABODEBEK,1,REL   //  SPH
M1-22001,M1-22001.4300004527,31 TS LRT JABODEBEK,1,REL   //  KTRK
M1-22001,M1-22001.4500010595,31 TS LRT JABODEBEK,1,REL  ACPT  //  KTRK
M1-22001,M1-22001.4300004753,31 TS LRT JABODEBEK (PERBAIKAN KOMPRESOR,1,REL   //  KTRK
M1-22001,M1-22001.4300005108,31 TS LRT JABODEBEK (MOD SEAL PINTU),1,REL   //  KTRK
M1-22001,M1-22001.4500010749,31 TS LRT JABODEBEK (SHORT COUPLER*R),1,REL  ACPT  //  KTRK
M1-22002,M1-22002.4300003476,4 TS KRDE BIAS,1,REL  ACPT SETC  //  KTRK
M1-22002,M1-22002.4300003386,4 TS KRDE BIAS,1,REL  ACPT SETC  //  KTRK
M1-22002,M1-22002.4300003397,4 TS KRDE BIAS,1,REL  ACPT SETC  //  KTRK
M1-22002,M1-22002.4300003382,4 TS KRDE BIAS,1,REL  ACPT  //  KTRK
M1-22002,M1-22002.4300003447,4 TS KRDE BIAS,1,REL  ACPT  //  KTRK
M1-22002,M1-22002.4300003530,4 TS KRDE BIAS,1,REL  ACPT  //  KTRK
M1-22002,M1-22002.4300003691,4 TS KRDE BIAS,1,REL  ACPT  //  KTRK
M1-22002,M1-22002.4500009885,4 TS KRDE BIAS,1,REL  ACPT  //  KTRK
M1-22002,M1-22002.4500009890,4 TS KRDE BIAS,1,REL  ACPT  //  KTRK
M1-22002,M1-22002.4300004463,4 TS KRDE BIAS,1,REL  ACPT  //  KTRK
M1-22002,M1-22002.8000122002,AFTERSALES 4 TS KRDE BIAS,1,REL   //  KTRK
M1-22002,M1-22002.4300004496,4 TS KRDE BIAS,1,REL   //  KTRK
M1-22002,M1-22002.4300004494,4 TS KRDE BIAS,1,REL  ACPT  //  KTRK
M1-22002,M1-22002.4500010030,4 TS KRDE BIAS,1,REL  ACPT  //  KTRK
M1-22002,M1-22002.4300004274,4 TS KRDE BIAS,1,REL   //  KTRK
M1-22003,M1-22003.4300003447,10 TS KRL KFW REVITALISASI,1,REL  ACPT SETC  //  KTRK
M1-22003,M1-22003.4300003338,10 TS KRL KFW REVITALISASI,1,REL  ACPT SETC  //  KTRK
M1-22003,M1-22003.4300003466,10 TS KRL KFW REVITALISASI,1,REL  ACPT SETC  //  KTRK
M1-22003,M1-22003.4300003350,10 TS KRL KFW REVITALISASI,1,REL  ACPT  //  KTRK
M1-22003,M1-22003.4300003368,10 TS KRL KFW REVITALISASI,1,REL  ACPT  //  KTRK
M1-22003,M1-22003.4300003492,10 TS KRL KFW REVITALISASI,1,REL  ACPT  //  KTRK
M1-22003,M1-22003.4300003530,10 TS KRL KFW REVITALISASI,1,REL  ACPT  //  KTRK
M1-22004,M1-22004.4300003348,PENGADAAN 1 UNIT KERETA UKUR MYC,1,REL  ACPT SETC  //  KTRK
M1-22005,M1-22005.4500009806,PENGADAAN 1 UNIT TMC ACEH LEBAR 1435 MM,1,REL  ACPT SETC  //  KTRK
M1-22006,M1-22006.4500009809,PENGADAAN 480 UNIT KKBW,1,REL  ACPT SETC  //  KTRK
M1-22007,M1-22007.4300003368,INKA-PROTOTYPE SIV DAN VVVF,1,REL  ACPT SETC  //  KTRK
M1-22007,M1-22007.4500009820,PROTOTIPE CONTROLLER SIV DAN VVVF,1,REL  ACPT  //  KTRK
M1-22008,M1-22008.4300003447,PENGADAAN 1 UNIT HYBRID TRAINER PNM,1,REL  ACPT SETC  //  KTRK
M1-22008,M1-22008.1300000007,PENGADAAN 1 UNIT HYBRID TRAINER PNM,1,REL  SETC  //  PRSL
M1-22008,M1-22008.1300000008,PENGADAAN 1 UNIT HYBRID TRAINER PNM,1,REL  SETC  //  PRSL
M1-22008,M1-22008.1300000009,PENGADAAN 1 UNIT HYBRID TRAINER PNM,1,REL  SETC  //  PRSL
M1-22008,M1-22008.4300003370,PENGADAAN 1 UNIT HYBRID TRAINER PNM,1,REL  ACPT  //  KTRK
M1-22008,M1-22008.9000000184,PENGADAAN 1 UNIT HYBRID TRAINER PNM,1,REL   //  KTRK
M1-22008,M1-22008.4300003798,PENGADAAN 1 UNIT HYBRID TRAINER PNM,1,REL  ACPT  //  KTRK
M1-22008,M1-22008.4300003768,PENGADAAN 1 UNIT HYBRID TRAINER PNM,1,REL  ACPT  //  KTRK
M1-22008,M1-22008.4300004099,PENGADAAN 1 UNIT HYBRID TRAINER PNM,1,REL  ACPT  //  KTRK
M1-22008,M1-22008.4300004096,PENGADAAN 1 UNIT HYBRID TRAINER PNM,1,REL  ACPT  //  KTRK
M1-22008,M1-22008.4300004130,PENGADAAN 1 UNIT HYBRID TRAINER PNM,1,REL  ACPT  //  KTRK
M1-22009,M1-22009.1200000034,PEKERJAAN AKSESORIS KERETA DEREK-TMII,1,REL  SETC  //  SPH
M1-22009,M1-22009.1200000038,PEKERJAAN AKSESORIS KERETA DEREK-TMII,1,REL  SETC  //  SPH
M1-22009,M1-22009.4300003554,PEKERJAAN AKSESORIS KERETA DEREK-TMII,1,REL  ACPT  //  KTRK
M1-22009,M1-22009.9000000225,PEKERJAAN AKSESORIS KERETA DEREK-TMII,1,REL   //  SPH
M1-22009,M1-22009.9000000226,PEKERJAAN AKSESORIS KERETA DEREK-TMII,1,REL  LKD   //  SPH
M1-22009,M1-22009.4300004512,PEKERJAAN AKSESORIS KERETA DEREK-TMII,1,REL   //  KTRK
M1-22009,M1-22009.4500010018,PEKERJAAN AKSESORIS KERETA DEREK-TMII,1,REL   //  KTRK
M1-22009,M1-22009.4300004272,PEKERJAAN AKSESORIS KERETA DEREK-TMII,1,REL  ACPT  //  KTRK
M1-22009,M1-22009.4300004275,PEKERJAAN AKSESORIS KERETA DEREK-TMII,1,REL   //  KTRK
M1-22009,M1-22009.4300004392,PEKERJAAN AKSESORIS KERETA DEREK-TMII,1,REL   //  KTRK
M1-22009,M1-22009.9000000323,PEKERJAAN AKSESORIS KERETA DEREK-TMII,1,REL   //  SPH
M1-22010,M1-22010.1200000037,AC KERETA SLEEPER-SD-009/BP/IMS/2022,1,REL  SETC  //  SPH
M1-22011,M1-22011.4300003447,200 MG BANGLADESH,1,REL  SETC  //  KTRK
M1-22011,M1-22011.4300003397,200 MG BANGLADESH,1,REL  ACPT  //  KTRK
M1-22011,M1-22011.4300003492,200 MG BANGLADESH,1,REL  ACPT  //  KTRK
M1-22012,M1-22012.4600003176,PENGADAAN KERETA GD 42 TON,1,REL  SETC  //  KTRK
M1-22012,M1-22012.4300003493,PENGADAAN KERETA GD 42 TON,1,REL  ACPT  //  KTRK
M1-22013,M1-22013.4300003345,INKA-8 TS LRT PALEMBANG,1,REL  ACPT SETC  //  KTRK
M1-22014,M1-22014.1200000041,PENGADAAN KA DEREK LRT JABODEBEK,1,REL  SETC  //  SPH
M1-22014,M1-22014.4300003529,PENGADAAN KA DEREK LRT JABODEBEK,1,REL  ACPT  //  KTRK
M1-22014,M1-22014.4300004275,PENGADAAN KA DEREK LRT JABODEBEK,1,REL   //  KTRK
M1-22014,M1-22014.4300003492,PENGADAAN KA DEREK LRT JABODEBEK,1,REL  ACPT  //  KTRK
M1-22014,M1-22014.4300003776,PENGADAAN KA DEREK LRT JABODEBEK,1,REL  ACPT  //  KTRK
M1-22014,M1-22014.4300004236,PENGADAAN KA DEREK LRT JABODEBEK,1,REL  ACPT  //  KTRK
M1-22014,M1-22014.4300004443,PENGADAAN KA DEREK LRT JABODEBEK,1,REL  ACPT  //  KTRK
M1-22014,M1-22014.4300004448,PENGADAAN KA DEREK LRT JABODEBEK,1,REL   //  KTRK
M1-22014,M1-22014.4300004465,PENGADAAN KA DEREK LRT JABODEBEK,1,REL   //  KTRK
M1-22014,M1-22014.4300004494,PENGADAAN KA DEREK LRT JABODEBEK,1,REL   //  KTRK
M1-22014,M1-22014.4300004256,PENGADAAN KA DEREK LRT JABODEBEK,1,REL   //  KTRK
M1-22014,M1-22014.4300004427,PENGADAAN KA DEREK LRT JABODEBEK,1,REL   //  KTRK
M1-22014,M1-22014.4300004402,PENGADAAN KA DEREK LRT JABODEBEK,1,REL  ACPT  //  KTRK
M1-22014,M1-22014.4500010156,PENGADAAN KA DEREK LRT JABODEBEK,1,REL  ACPT  //  KTRK
M1-22014,M1-22014.4300004494.1,PENGADAAN KA DEREK LRT JABODEBEK,1,REL   //  KTRK
M1-22014,M1-22014.8000122014,AFTERSALES PGDN KA DEREK LRT JABODEBEK,1,REL   //  KTRK
M1-22014,M1-22014.4500011508,PENGADAAN KA DEREK LRT JABODEBEK,1,REL  ACPT  //  KTRK
M1-22015,M1-22015.1200000042,PEMBUATAN MOCKUP SLEEPER CAR GEN KE TIGA,1,REL  SETC  //  SPMK
M1-22016,M1-22016.1200000043,PENGADAAN KERETA 17 PPCW NEW DESIGN,1,REL  SETC  //  SPH
M1-22016,M1-22016.4300003435,PENGADAAN KERETA 17 PPCW NEW DESIGN,1,REL  ACPT SETC  //  KTRK
M1-22016,M1-22016.1200000001,PENGADAAN KERETA 17 PPCW NEW DESIGN,1,REL   //  KTRK
M1-22016,M1-22016.4300003597,PENGADAAN KERETA 17 PPCW NEW DESIGN,1,REL  ACPT  //  KTRK
M1-22017,M1-22017.4300003338,3 UNIT LOCO + 15 CAR PASS. COACH PNR,1,REL  ACPT  //  KTRK
M1-22017,M1-22017.4500009838,3 UNIT LOCO + 15 CAR PASS. COACH PNR,1,REL  ACPT  //  KTRK
M1-22017,M1-22017.4300004493,3 UNIT LOCO + 15 CAR PASS. COACH PNR,1,REL   //  KTRK
M1-22018,M1-22018.1200000044,PEKERJAAN KALIBRASI ALAT UKUR INKA,1,REL  SETC  //  SPH
M1-22018,M1-22018.4300003612,PEKERJAAN KALIBRASI ALAT UKUR INKA,1,REL  ACPT  //  KTRK
M1-22018,M1-22018.4300003613,PEKERJAAN KALIBRASI ALAT UKUR INKA,1,REL  ACPT  //  KTRK
M1-22018,M1-22018.4300004111,PEKERJAAN KALIBRASI ALAT UKUR INKA,1,REL  ACPT  //  KTRK
M1-22018,M1-22018.9000000239,PEKERJAAN KALIBRASI ALAT UKUR INKA,1,REL   //  SPH
M1-22018,M1-22018.4300004376,PEKERJAAN KALIBRASI ALAT UKUR INKA,1,REL   //  KTRK
M1-22018,M1-22018.4300004282,PEKERJAAN KALIBRASI ALAT UKUR INKA,1,REL  ACPT  //  KTRK
M1-22018,M1-22018.4300004320,PEKERJAAN KALIBRASI ALAT UKUR INKA,1,REL  ACPT  //  KTRK
M1-22018,M1-22018.4300004458,PEKERJAAN KALIBRASI ALAT UKUR INKA,1,REL  ACPT  //  KTRK
M1-22018,M1-22018.4300004429,PEKERJAAN KALIBRASI ALAT UKUR INKA,1,REL  ACPT  //  KTRK
M1-22019,M1-22019.1300000010,PEKERJAAN PENGECATAN LANTAI WORKSHOP,1,REL  SETC  //  PRSL
M1-22020,M1-22020.1300000011,PENGADAAN 10 UNIT BUS LISTRIK UK.8 M,1,REL  SETC  //  PRSL
M1-22020,M1-22020.1300000012,PENGADAAN 10 UNIT BUS LISTRIK UK.8 M,1,REL  SETC  //  PRSL
M1-22020,M1-22020.4500009862,PENGADAAN 10 UNIT BUS LISTRIK UK.8 M,1,REL  ACPT SETC  //  KTRK
M1-22020,M1-22020.4300003727,PENGADAAN 10 UNIT BUS LISTRIK UK.8 M,1,REL   //  KTRK
M1-22020,M1-22020.8000122020,AFTERSALES PGDN 10 UNIT BUS LISTRIK 8 M,1,REL   //  KTRK
M1-22020,M1-22020.4300004155,PENGADAAN 10 UNIT BUS LISTRIK UK.8 M,1,REL  ACPT  //  KTRK
M1-22021,M1-22021.4300003492,4 TS DMU PHILIPPINE,1,REL   //  KTRK
M1-22022,M1-22022.4300003447,438 UNIT KERETA,1,REL  ACPT  //  KTRK
M1-22023,M1-22001.4300003649,31 TS LRT JABODEBEK,1,REL  LKD  ACPT  //  KTRK
M1-22024,M1-22024.4300003691,MSA LRT PALEMBANG,1,REL  ACPT  //  KTRK
M1-22024,M1-22024.4300003809,MSA LRT PALEMBANG,1,REL  ACPT  //  KTRK
M1-22025,M1-22025.4500009815,INKA-PENGADAAN 2 (Dua) UNIT AC KERETA CE,1,REL  ACPT  //  KTRK
M1-22026,M1-22026.9000000028,PGDN 2 TS KA PERINTIS MAKASSAR PARE PARE,1,REL   //  KTRK
M1-22026,M1-22026.9000000037,PGDN 2 TS KA PERINTIS MAKASSAR PARE PARE,1,REL   //  KTRK
M1-22026,M1-22026.9000000029,PGDN 2 TS KA PERINTIS MAKASSAR PARE PARE,1,REL   //  KTRK
M1-22026,M1-22026.9000000030,PGDN 2 TS KA PERINTIS MAKASSAR PARE PARE,1,REL   //  KTRK
M1-22027,M1-22027.4300003542,PENGADAAN 2 UNIT LOCO LANGSIR,1,REL  ACPT  //  KTRK
M1-22027,M1-22027.4300004450,PENGADAAN 2 UNIT LOCO LANGSIR,1,REL   //  KTRK
M1-22027,M1-22027.4300004272,PENGADAAN 2 UNIT LOCO LANGSIR,1,REL  ACPT  //  KTRK
M1-22027,M1-22027.4300004493,PENGADAAN 2 UNIT LOCO LANGSIR,1,REL   //  KTRK
M1-22027,M1-22027.4500010595,PENGADAAN 2 UNIT LOCO LANGSIR,1,REL  ACPT  //  KTRK
M1-22028,M1-22028.9000000038,PENGADAAN 34 UNIT BUS LISTRIK 8 METER,1,REL   //  KTRK
M1-22028,M1-22028.9000000072,PENGADAAN 34 UNIT BUS LISTRIK 8 METER,1,REL   //  KTRK
M1-22028,M1-22028.9000000073,PENGADAAN 34 UNIT BUS LISTRIK 8 METER,1,REL   //  SPH
M1-22028,M1-22028.4500009943,PENGADAAN 34 UNIT BUS LISTRIK 8 METER,1,REL  ACPT  //  KTRK
M1-22028,M1-22028.8000122028,AFTERSALES PGDN 34 UNIT BUS LISTRIK 8 M,1,REL   //  KTRK
M1-22029,M1-22029.4300003682,PENGADAAN 53 UNIT BUS LISTRIK UK 8 METER,1,REL   //  KTRK
M1-22029,M1-22029.4300003727,PENGADAAN 53 UNIT BUS LISTRIK UK 8 METER,1,REL  ACPT  //  KTRK
M1-22029,M1-22029.4300003752,PENGADAAN 53 UNIT BUS LISTRIK UK 8 METER,1,REL  ACPT  //  KTRK
M1-22029,M1-22029.9000000074,PENGADAAN 53 UNIT BUS LISTRIK UK 8 METER,1,REL   //  SPH
M1-22029,M1-22029.8000122029,AFTERSALES PGDN 53 UNIT BUS LISTRIK 8 M,1,REL   //  KTRK
M1-22029,M1-22029.4300004155,PENGADAAN 53 UNIT BUS LISTRIK UK 8 METER,1,REL  ACPT  //  KTRK
M1-22029,M1-22029.4300004182,PENGADAAN 53 UNIT BUS LISTRIK UK 8 METER,1,REL  ACPT  //  KTRK
M1-22029,M1-22029.4300004710,PERBAIKAN KOMP MEKANIK (53 UN BUS LSTRK),1,REL  ACPT  //  KTRK
M1-22029,M1-22029.4300004403,PENGADAAN 53 UNIT BUS LISTRIK UK 8 METER,1,REL   //  KTRK
M1-22029,M1-22029.4300004421,PENGADAAN 53 UNIT BUS LISTRIK UK 8 METER,1,REL   //  KTRK
M1-22030,M1-22030.4500009862,PENGADAAN 9 UNIT BUS LISTRIK UK 8 METER,1,REL  ACPT  //  KTRK
M1-22030,M1-22030.9000000031,PENGADAAN 9 UNIT BUS LISTRIK UK 8 METER,1,REL   //  KTRK
M1-22030,M1-22030.9000000080,PENGADAAN 9 UNIT BUS LISTRIK UK 8 METER,1,REL   //  SPH
M1-22030,M1-22030.4500009941,PENGADAAN 9 UNIT BUS LISTRIK UK 8 METER,1,REL   //  KTRK
M1-22030,M1-22030.8000122030,AFTERSALES PGDN 9 UNIT BUS LISTRIK 8 M,1,REL   //  KTRK
M1-22031,M1-22031.4300003345,INKA-PENGADAAN K UKUR KONGO,1,REL   //  KTRK
M1-22031,M1-22031.4300003409,PENGADAAN K UKUR KONGO,1,REL  ACPT  //  KTRK
M1-22032,M1-22032.4300004015,PENGADAAN KERETA UKUR LRT JABODEBEK,1,REL   //  KTRK
M1-22032,M1-22032.4300003329,PENGADAAN KERETA UKUR LRT JABODEBEK,1,REL  ACPT  //  KTRK
M1-22032,M1-22032.4300004494,PENGADAAN KERETA UKUR LRT JABODEBEK,1,REL   //  KTRK
M1-22033,M1-22033.9000000027,PGDN VM BRIDGE INSPECTION LRT JABODEBEK,1,REL   //  KTRK
M1-22033,M1-22033.4300004072,PGDN VM BRIDGE INSPECTION LRT JABODEBEK,1,REL  ACPT  //  KTRK
M1-22033,M1-22033.4300004182,PGDN VM BRIDGE INSPECTION LRT JABODEBEK,1,REL  ACPT  //  KTRK
M1-22033,M1-22033.4500010282,PGDN VM BRIDGE INSPECTION LRT JABODEBEK,1,REL  ACPT  //  KTRK
M1-22033,M1-22033.8000122033,AFTERSALES PGDN VM BRIDGE INSPECTION LRT,1,REL   //  KTRK
M1-22034,M1-22034.0000000001,PERBAIKAN 133 UNIT GD 54 TON,1,REL   //  KTRK
M1-22034,M1-22034.4300003564,PERBAIKAN 133 UNIT GD 54 TON,1,REL  ACPT  //  KTRK
M1-22035,M1-22035.4300003575,PROTOTYPE BOGIE MEDIUM SPEED TRAIN,1,REL  ACPT  //  KTRK
M1-22036,M1-22036.4300003689,PROTOTYPE TRAM LISTRIK,1,REL  ACPT  //  PRSL
M1-22037,M1-22037.9000000025,1 SET KERETA WISATA JLN BOGOWONTO MADIUN,1,REL   //  KTRK
M1-22038,M1-22038.4300003794,FASILITAS PRODUKSI,1,REL  ACPT  //  KTRK
M1-22038,M1-22038.9000000264,FASILITAS PRODUKSI,1,REL   //  SPH
M1-22038,M1-22038.4500010284,FASILITAS PRODUKSI,1,REL  ACPT  //  KTRK
M1-22039,M1-22039.4300003920,PENGADAAN 17 UNIT GGW PT TEL PP,1,REL  ACPT  //  KTRK
M1-22039,M1-22039.4300004451,PENGADAAN 17 UNIT GGW PT TEL PP,1,REL  ACPT  //  KTRK
M1-22039,M1-22039.4300004280,PENGADAAN 17 UNIT GGW PT TEL PP,1,REL   //  KTRK
M1-22039,M1-22039.4300004286,PENGADAAN 17 UNIT GGW PT TEL PP,1,REL   //  KTRK
M1-22039,M1-22039.4300004621,PENGADAAN 17 UNIT GGW PT TEL PP,1,REL  ACPT  //  KTRK
M1-22039,M1-22039.4300004594,PENGADAAN 17 UN GGW (PEMNDHN PBRIK BWI),1,REL  ACPT  //  KTRK
M1-22040,M1-22040.4300003935,PGDN 2 TS KA PERINTIS MAKASSAR PARE PARE,1,REL  ACPT  //  KTRK
M1-22040,M1-22040.4500009895,PGDN 2 TS KA PERINTIS MAKASSAR PARE PARE,1,REL  ACPT  //  KTRK
M1-22040,M1-22040.4300004099,PGDN 2 TS KA PERINTIS MAKASSAR PARE PARE,1,REL  ACPT  //  KTRK
M1-22040,M1-22040.8000122040,AFTERSALES PGDN 2 TS KA PERINTIS MAKPAR,1,REL   //  KTRK
M1-22040,M1-22040.4600004633,PGDN 2 TS KA PERINTIS MAKASSAR PARE PARE,1,REL   //  SPH
M1-22040,M1-22040.4300004256,PGDN 2 TS KA PERINTIS MAKASSAR PARE PARE,1,REL   //  KTRK
M1-22040,M1-22040.4300004464,PGDN 2 TS KA PERINTIS MAKASSAR PARE PARE,1,REL  ACPT  //  KTRK
M1-22040,M1-22040.4300004511,PGDN 2 TS KA PERINTIS MAKASSAR PARE PARE,1,REL  ACPT  //  KTRK
M1-22040,M1-22040.4300004709,MEKANIK PGTN BOGIE (2 TS MAKASAR PARE2),1,REL  ACPT  //  KTRK
M1-22040,M1-22040.4300004532,PGDN 2 TS KA PERINTIS MAKASSAR PARE PARE,1,REL   //  KTRK
M1-22041,M1-22041.4300003938,PENGADAAN 612 KERETA REPLACEMENT PT KAI,1,REL  ACPT  //  KTRK
M1-22041,M1-22041.4300003938.1,PENGADAAN 612 KERETA K1,2,REL   //  KTRK
M1-22041,M1-22041.4300003938.2,PENGADAAN 612 KERETA K3,2,REL   //  KTRK
M1-22041,M1-22041.4300003938.3,PENGADAAN 612 KERETA M (MAKAN),2,REL   //  KTRK
M1-22041,M1-22041.4300003938.4,PENGADAAN 612 KERETA P (POWER),2,REL   //  KTRK
M1-22041,M1-22041.4300003938.5,PENGADAAN 612 KERETA B (BAGASI),2,REL   //  KTRK
M1-22041,M1-22041.4300004283,PENGADAAN 612 KERETA REPLACEMENT PT KAI,1,REL  ACPT  //  KTRK
M1-22041,M1-22041.4300004283.1,PENGADAAN 612 KERETA REPLACEMENT PT KAI,1,REL  ACPT  //  KTRK
M1-22041,M1-22041.8000122041,AFTERSALES PGDN 612 REPLACEMENT PT KAI,1,REL   //  KTRK
M1-22041,M1-22041.4300004466,PENGADAAN 612 KERETA REPLACEMENT PT KAI,1,REL   //  KTRK
M1-22041,M1-22041.4500010091,PENGADAAN 612 KERETA REPLACEMENT PT KAI,1,REL  ACPT  //  KTRK
M1-22041,M1-22041.4500010091.1,PENGADAAN 612 KERETA K1,2,REL   //  KTRK
M1-22041,M1-22041.4500010091.2,PENGADAAN 612 KERETA K3,2,REL   //  KTRK
M1-22041,M1-22041.4500010091.3,PENGADAAN 612 KERETA M (MAKAN),2,REL   //  KTRK
M1-22041,M1-22041.4500010091.6,PENGADAAN 612 KERETA REPLACEMENT PT KAI,1,REL   //  KTRK
M1-22041,M1-22041.4500010091.7,PENGADAAN 612 KERETA K1,2,REL   //  KTRK
M1-22041,M1-22041.4500010091.8,PENGADAAN 612 KERETA K3,2,REL   //  KTRK
M1-22041,M1-22041.4500010091.9,PENGADAAN 612 KERETA M (MAKAN),2,REL   //  KTRK
M1-22041,M1-22041.4500010091.4,PENGADAAN 612 KERETA P (POWER),2,REL   //  KTRK
M1-22041,M1-22041.4500010091.5,PENGADAAN 612 KERETA B (BAGASI),2,REL   //  KTRK
M1-22041,M1-22041.4500010091.1.01,PENGADAAN 612 KERETA REPLACEMENT PT KAI,1,REL   //  KTRK
M1-22041,M1-22041.9000000270,PENGADAAN 612 KERETA REPLACEMENT PT KAI,1,REL   //  SPH
M1-22041,M1-22041.4300004393.1,PENGADAAN 612 KERETA REPLACEMENT PT KAI,1,REL   //  KTRK
M1-22041,M1-22041.9000000286,PENGADAAN 612 KERETA REPLACEMENT PT KAI,1,REL   //  SPH
M1-22041,M1-22041.9000000292,PENGADAAN 612 KERETA REPLACEMENT PT KAI,1,REL   //  SPH
M1-22041,M1-22041.4300004447,PENGADAAN 612 KERETA REPLACEMENT PT KAI,1,REL   //  KTRK
M1-22041,M1-22041.4300004393,PENGADAAN 612 KERETA REPLACEMENT PT KAI,1,REL   //  KTRK
M1-22041,M1-22041.4300004407,PENGADAAN 612 KERETA REPLACEMENT PT KAI,1,REL  ACPT  //  KTRK
M1-22041,M1-22041.9000000303,PENGADAAN 612 KERETA REPLACEMENT PT KAI,1,REL   //  SPH
M1-22041,M1-22041.9000000304,PENGADAAN 612 KERETA REPLACEMENT PT KAI,1,REL   //  SPH
M1-22041,M1-22041.9000000305,PENGADAAN 612 KERETA REPLACEMENT PT KAI,1,REL   //  SPH
M1-22041,M1-22041.9000000306,PENGADAAN 612 KERETA REPLACEMENT PT KAI,1,REL   //  SPH
M1-22041,M1-22041.9000000307,PENGADAAN 612 KERETA REPLACEMENT PT KAI,1,REL   //  SPH
M1-22041,M1-22041.9000000308,PENGADAAN 612 KERETA REPLACEMENT PT KAI,1,REL   //  SPH
M1-22041,M1-22041.9000000309,PENGADAAN 612 KERETA REPLACEMENT PT KAI,1,REL   //  SPH
M1-22041,M1-22041.9000000310,PENGADAAN 612 KERETA REPLACEMENT PT KAI,1,REL   //  SPH
M1-22041,M1-22041.4300004492,PENGADAAN 612 KERETA REPLACEMENT PT KAI,1,REL   //  KTRK
M1-22041,M1-22041.9000000333,PENGADAAN 612 KERETA REPLACEMENT PT KAI,1,REL   //  SPH
M1-22041,M1-22041.9000000355,PENGADAAN 612 KERETA REPLACEMENT PT KAI,1,REL   //  SPH
M1-22041,M1-22041.9000000397,PENGADAAN 612 (PEMBUATAN CARBODY P2),1,REL   //  SPH
M1-22041,M1-22041.9000000400,DOUBEL SKIN (PGDN 612 KA REPLACEMENT),1,REL   //  SPH
M1-22041,M1-22041.9000000401,PENGUATAN CARBODY (PGDN 612 KA REPLACEME,1,REL   //  SPH
M1-22041,M1-22041.4500010750,FOLDING SEAT M (PGDN 612 KA REPLACEMENT),1,REL  ACPT  //  SPH
M1-22041,M1-22041.4600003725,LARGE FIX WINDOW 1(PGDN 612 KA REPLACEME,1,REL   //  SPH
M1-22041,M1-22041.4500010277,"BRAKE,DUCTING PIPING (PGDN 612 KA REPLAC",1,REL  ACPT  //  KTRK
M1-22041,M1-22041.9000000409,RECALL TS 2 (PGDN 612 KA REPLACEMENT),1,REL   //  SPH
M1-22041,M1-22041.9000000410,RECALL TS 1 (PGDN 612 KA REPLACEMENT),1,REL   //  SPH
M1-22041,M1-22041.9000000416,PERBAIKAN TOILET & AC (PGDN 612 KA REPLA,1,REL   //  SPH
M1-22041,M1-22041.9000000420,PENGGANTIAN LIVERY (PGDN 612 KA REPLACEM,1,REL   //  SPH
M1-22041,M1-22041.4500011524,AFTERSALES LARGE WINDOW (PGDN 612 KA REP,1,REL  ACPT  //  KTRK
M1-22041,M1-22041.4500011540,AFTER SALES FIX WINDOW (PGDN 612 KA REPL,1,REL  ACPT  //  KTRK
M1-23001,M1-23001.9000000082,PENGADAAN 1 CAR PRE SERIES KA LUXURY,1,REL   //  SPMK
M1-23001,M1-23001.4500009981,PENGADAAN 1 CAR PRE SERIES KA LUXURY,1,REL  ACPT  //  KTRK
M1-23001,M1-23001.9000000202,PEKERJAAN DIBATALKAN,1,REL  LKD   //  SPH
M1-23002,M1-23002.9000000088,PGDN 10 UN LOCO PLATFORM UGL,1,REL   //  SPH
M1-23002,M1-23002.4500010705,PGDN 10 UN LOCO PLATFORM UGL,1,REL  ACPT  //  KTRK
M1-23002,M1-23002.4500010706,PGDN 10 UN LOCO PLATFORM UGL,1,REL  ACPT  //  KTRK
M1-23002,M1-23002.9000000405,PGDN 10 UN LOCO PLATFORM UGL (PENGUJIAN),1,REL   //  SPH
M1-23002,M1-23002.4500011040,PGDN 10 UN LOCO PLATFORM UGL (FASTENING),1,REL  ACPT  //  KTRK
M1-23002,M1-23002.4500011845,PGDN 10 UN LOCO PLATFORM UGL (CHANNAL),1,REL  ACPT  //  KTRK
M1-23003,M1-23003.4500010780,PGDN AC UNIT (PGDN 16 TS KCI),1,REL  ACPT  //  KTRK
M1-23003,M1-23003.9000000319,BOGIE FRAME TB & MB (PGDN 16 TS KCI),1,REL   //  SPMK
M1-23003,M1-23003.9000000325,PGDN CROSS SECTION (PGDN 16 TS KCI),1,REL   //  SPH
M1-23003,M1-23003.4500011761,PGDN DOOR LEAF (PGDN 16 TS KCI),1,REL  ACPT  //  KTRK
M1-23003,M1-23003.9000000327,PMBTN CARBODY (PGDN 16 TS KCI),1,REL   //  SPH
M1-23003,M1-23003.9000000328,PMSGN KOMP MEKANIK (PGDN 16 TS KCI),1,REL   //  SPH
M1-23003,M1-23003.9000000332,PENGADAAN PRE SERIES KRL KCI,1,REL   //  SPH
M1-23003,M1-23003.9000000337,PEMSGN KOMP INT & EKS (PGDN 16 TS KCI),1,REL   //  SPH
M1-23003,M1-23003.9000000340,PMBTN 2 CAR UNDERFRAME (PRE SERIES KCI),1,REL   //  SPH
M1-23003,M1-23003.9000000345,UJI NDT BOGIE FRAME (PGDN 16 TS KCI),1,REL   //  SPH
M1-23003,M1-23003.9000000354,SIDE WINDOW CABIN (PGDN 16 TS KCI),1,REL   //  SPH
M1-23003,M1-23003.9000000356,FIT DRIVER CABIN PANEL (PGDN 16 TS KCI),1,REL   //  SPH
M1-23003,M1-23003.9000000357,PENGADAAN 16 TS KRL KCI,1,REL   //  SPH
M1-23003,M1-23003.9000000358,DOOR LINTEL (PGDN 16 TS KRL KCI),1,REL   //  SPH
M1-23003,M1-23003.9000000359,PENGADAAN 16 TS KRL KCI,1,REL   //  SPH
M1-23003,M1-23003.9000000360,DUCTING AC (PGDN 16 TS KCI),1,REL   //  SPH
M1-23003,M1-23003.9000000361,PENGADAAN 16 TS KRL KCI,1,REL   //  SPH
M1-23003,M1-23003.9000000362,SIDEWAL PANEL PASS AREA (PGDN 16 TS KCI),1,REL   //  SPH
M1-23003,M1-23003.9000000363,MID CEILING PANEL (PGDN 16 TS KCI),1,REL   //  SPH
M1-23003,M1-23003.9000000366,SUPPORTING PGJN CARBODY (PGDN 16 TS KCI),1,REL   //  SPH
M1-23003,M1-23003.9000000367,SINGLE PART ROOF 2 CAR (PRE SERIES KCI),1,REL   //  SPH
M1-23003,M1-23003.9000000368,SINGLE PRT ENDWAL 2 CAR (PRE SERIES KCI),1,REL   //  SPH
M1-23003,M1-23003.9000000369,PMBTN ROOF 2 CAR (PRE SERIES KCI),1,REL   //  SPH
M1-23003,M1-23003.9000000370,PMBTN ENDWALL 2 CAR (PRE SERIES KCI),1,REL   //  SPH
M1-23003,M1-23003.9000000371,ALUMNIUM EKSTRUSI (PRE SERIES KCI),1,REL   //  SPH
M1-23003,M1-23003.9000000372,ALUMUNIUM EKSTRUSI (PGDN 16 TS KCI),1,REL   //  SPH
M1-23003,M1-23003.9000000373,GANGWAY DOOR (PGDN 16 TS KCI),1,REL   //  SPH
M1-23003,M1-23003.9000000374,FRONT WINDSHIELD (PGDN 16 TS KCI),1,REL   //  KTRK
M1-23003,M1-23003.9000000375,WIPER SYSTEM (PGDN 16 TS KCI),1,REL   //  SPH
M1-23003,M1-23003.9000000376,FOLDING SEAT (PGDN 16 TS KCI),1,REL   //  SPH
M1-23003,M1-23003.9000000377,CABIN ENTRANCE HANDRAIL (PGDN 16 TS KCI),1,REL   //  SPH
M1-23003,M1-23003.9000000378,HANDGRIP (PGDN 16 TS KCI),1,REL   //  SPH
M1-23003,M1-23003.9000000379,PASSENGER SEAT (PGDN 16 TS KCI),1,REL   //  SPH
M1-23003,M1-23003.9000000380,TOP LUGGAGE RACK (PGDN 16 TS KCI),1,REL   //  SPH
M1-23003,M1-23003.9000000381,FOLDING SEAT (PRE SERIES KCI),1,REL   //  SPH
M1-23003,M1-23003.9000000382,HANDGRIP (PRE SERIES KCI),1,REL   //  SPH
M1-23003,M1-23003.9000000383,PASSENGER SEAT (PRE SERIES KCI),1,REL   //  SPH
M1-23003,M1-23003.9000000384,TOP LUGGAGE RACK (PRE SERIES KCI),1,REL   //  SPH
M1-23003,M1-23003.9000000385,SIDE WINDOW CABIN (PRE SERIES KCI),1,REL   //  SPH
M1-23003,M1-23003.9000000386,FRONT WINDSHIELD (PRE SERIES KCI),1,REL   //  SPH
M1-23003,M1-23003.9000000387,WIPER SYSTEM (PRE SERIES KCI),1,REL   //  SPH
M1-23003,M1-23003.9000000388,CABIN ENTRANCE HANDRAIL (PRE SERIES KCI),1,REL   //  SPH
M1-23003,M1-23003.9000000389,CABIN ELECTRIC CABINET (PRE SERIES KCI),1,REL   //  SPH
M1-23003,M1-23003.9000000390,JANITOR CABINET (PRE SERIES KCI),1,REL   //  SPH
M1-23003,M1-23003.9000000391,ENDWALL CABINET (PRE SERIES KCI),1,REL   //  SPH
M1-23003,M1-23003.9000000392,CABIN ELECTRIC CABINET (PGDN 16 TS KCI),1,REL   //  SPH
M1-23003,M1-23003.9000000393,JANITOR CABINET (PGDN 16 TS KCI),1,REL   //  SPH
M1-23003,M1-23003.9000000394,ENDWALL CABINET (PGDN 16 TS KCI),1,REL   //  SPH
M1-23003,M1-23003.9000000406,PARTITION DOOR (PGDN 16 TS KCI),1,REL   //  SPH
M1-23003,M1-23003.9000000407,PMSGN FLOOR CONSTRCTION (PGDN 16 TS KCI),1,REL   //  SPH
M1-23003,M1-23003.9000000408,UJI NDR CARBODY (PGDN 16 TS KRL KCI),1,REL   //  SPH
M1-23003,M1-23003.9000000415,PEMBUATAN SINGLE PART BOGIE TS 1-10,1,REL   //  SPH
M1-23003,M1-23003.9000000418,PEK INSPEKSI FAB & FIN (PGDN 16 TS KCI),1,REL   //  SPH
M1-23003,M1-23003.9000000421,PMSGN KOMP MEKANIK (PRE SERIES KCI),1,REL   //  SPH
M1-23003,M1-23003.4500011540,WASHER SPRING M20 (PGDN 16 TS KCI),1,REL  ACPT  //  KTRK
M1-23003,M1-23003.9000000424,PGDN & PMBTN JIG (PGDN 16 TS KCI),1,REL   //  SPMK
M1-23004,M1-23004.9000000116,PGDN 2 TS KA PERINTIS MAKASSAR PARE PARE,1,REL   //  SPH
M1-23005,M1-23005.9000000117,31 TS LRT JABODEBEK,1,REL  LKD   //  SPH
M1-23005,M1-23005.9000000118,31 TS LRT JABODEBEK,1,REL  LKD   //  SPH
M1-23005,M1-23005.4300004050,31 TS LRT JABODEBEK,1,REL  ACPT  //  KTRK
M1-23006,M1-23006.4300004119,PROTOTYPE AUTONOMOUS VEHICLE,1,REL  ACPT  //  KTRK
M1-23006,M1-23006.8000123006,AFTERSALES PROTOTYPE AUTONOMOUS VEHICLE,1,REL   //  KTRK
M1-23006,M1-23006.4300004256,PROTOTYPE AUTONOMOUS VEHICLE,1,REL  ACPT  //  KTRK
M1-23007,M1-23007.4500009965,4 TS KRDE BIAS,1,REL  ACPT  //  KTRK
M1-23007,M1-23007.4300004068,4 TS KRDE BIAS,1,REL  ACPT  //  KTRK
M1-23008,M1-23008.4300004015,PENGADAAN KERETA UKUR LRT JABODEBEK,1,REL  ACPT  //  KTRK
M1-23008,M1-23008.4300004034,PENGADAAN KERETA UKUR LRT JABODEBEK,1,REL  ACPT  //  KTRK
M1-23008,M1-23008.4500010199,PENGADAAN KERETA UKUR LRT JABODEBEK,1,REL  ACPT  //  KTRK
M1-23008,M1-23008.4500010216,PENGADAAN KERETA UKUR LRT JABODEBEK,1,REL   //  KTRK
M1-23008,M1-23008.4300004791,PENGADAAN KERETA UKUR LRT JABODEBEK,1,REL   //  KTRK
M1-23009,M1-23009.4300004035,PGDN VM BRIDGE INSPECTION LRT JABODEBEK,1,REL  LKD   //  KTRK
M1-23009,M1-23009.4500009970,PGDN VM BRIDGE INSPECTION LRT JABODEBEK,1,REL  ACPT  //  KTRK
M1-23010,M1-23010.4300004430,PGDN PERALATAN SARANA PENGGERAK TMC PPI,1,REL  ACPT  //  KTRK
M1-23010,M1-23010.9000000213,PGDN PERALATAN SARANA PENGGERAK TMC PPI,1,REL   //  SPH
M1-23010,M1-23010.8000123010,AFTERSALES PGDN SARANA PENGGERAK TMC PPI,1,REL   //  KTRK
M1-23010,M1-23010.9000000291,PGDN PERALATAN SARANA PENGGERAK TMC PPI,1,REL   //  SPH
M1-23010,M1-23010.4500010093,PGDN PERALATAN SARANA PENGGERAK TMC PPI,1,REL  ACPT  //  KTRK
M1-23010,M1-23010.4500010505,PGDN PERALATAN SARANA PENGGERAK TMCI PPI,1,REL  ACPT  //  KTRK
M1-23011,M1-23011.4300004437,PENGADAAN 10 UNIT KA LUXURY + 1 CAR CDGN,1,REL  ACPT  //  KTRK
M1-23011,M1-23011.4300004437.4,PENGADAAN 10 UNIT KA LUXURY + 1 CAR CDGN,1,REL   //  KTRK
M1-23011,M1-23011.4300004437.1,PENGADAAN 10 UNIT KA LUXURY + 1 CAR CDGN,1,REL   //  KTRK
M1-23011,M1-23011.4300004437.5,PENGADAAN 10 UNIT KA LUXURY + 1 CAR CDGN,1,REL   //  KTRK
M1-23011,M1-23011.8000123011,AFTERSALES PGDN 10 UN KA LUXURY + 1 CDGN,1,REL   //  KTRK
M1-23011,M1-23011.4300004437.2,PENGADAAN 10 UNIT KA LUXURY + 1 CAR CDGN,1,REL   //  KTRK
M1-23011,M1-23011.4300004437.3,PENGADAAN 10 UNIT KA LUXURY + 1 CAR CDGN,1,REL   //  KTRK
M1-23011,M1-23011.9000000268,PENGADAAN 10 UNIT KA LUXURY + 1 CAR CDGN,1,REL   //  SPH
M1-23011,M1-23011.4300004393,PENGADAAN 10 UNIT KA LUXURY + 1 CAR CDGN,1,REL   //  KTRK
M1-23011,M1-23011.4300004453,PENGADAAN 10 UNIT KA LUXURY + 1 CAR CDGN,1,REL   //  KTRK
M1-23012,M1-23012.4300004571,PGDN PROTOTYPE KCMP (PMBTN BOGIE & CARBD,1,REL   //  KTRK
M1-23012,M1-23012.9000000395,PGDN PROTOTYPE KCMP (UJI NDT BOGIE),1,REL   //  SPH
M1-23012,M1-23012.9000000398,PGDN PROTOTYPE KCMP (NDT CARBODY),1,REL   //  SPH
M1-23012,M1-23012.9000000402,PGDN PROTOTYPE KCMP (PMBTN JIG UJI CARBO,1,REL   //  SPH
M1-24001,M1-24001.9000000348,PROYEK RETROFIT 19 TS KRL KCI,1,REL   //  KTRK
M1-24001,M1-24001.9000000349,PROYEK RETROFIT 19 TS KRL KCI,1,REL   //  SPH
M1-24001,M1-24001.9000000350,PROYEK RETROFIT 19 TS KRL KCI,1,REL   //  SPH
M1-24001,M1-24001.4500010853,PROYEK RETROFIT 19 TS KRL KCI (FASTENING,1,REL  ACPT  //  KTRK
M1-24001,M1-24001.9000000417,PMGSN KOMP INT & EKS (PROYEK 19 TS KRL K,1,REL   //  SPH
M1-24003,M1-24003.9000000412,PGDN PIECE PART BOGIE 1014 TAHUN 2024,1,REL   //  SPH
M1-24003,M1-24003.9000000413,PEMASANGAN KOMPONEN BOGIE TB 1014,1,REL   //  SPH
M1-24003,M1-24003.9000000414,PEMBUATAN 100 UNIT BOGIE TB 1014,1,REL  ACPT  //  SPH
M1-24004,M1-24004.4500011476,PENGEMBANGAN BOGIE MONITORING SYSTEM,1,REL  ACPT  //  KTRK
M2-21001,M2-21001.1200000010,PGDN KOMP BARANG & JASA PT IMSS 2021,1,REL  SETC  //  SPH
M2-21001,M2-21001.1200000025,PGDN KOMP BARANG & JASA PT IMSS 2021,1,REL  SETC  //  SPH
M2-21001,M2-21001.1200000031,PGDN KOMP BARANG & JASA PT IMSS 2021,1,REL  SETC  //  SPH
M2-21001,M2-21001.1200000032,PGDN KOMP BARANG & JASA PT IMSS 2021,1,REL  SETC  //  SPH
M2-22001,M2-22001.1200000046,PGDN KOMP BARANG & JASA PT IMSS 2022,1,REL  SETC  //  SPH
M2-22001,M2-22001.9000000032,PGDN KOMP BARANG & JASA PT IMSS 2022,1,REL  ACPT  //  KTRK
M2-22001,M2-22001.9000000033,PGDN KOMP BARANG & JASA PT IMSS 2022,1,REL  ACPT  //  KTRK
M2-22001,M2-22001.9000000092,PGDN KOMP BARANG & JASA PT IMSS 2022,1,REL  ACPT  //  KTRK
M2-22001,M2-22001.9000000093,PGDN KOMP BARANG & JASA PT IMSS 2022,1,REL  ACPT  //  KTRK
M2-22001,M2-22001.9000000094,PGDN KOMP BARANG & JASA PT IMSS 2022,1,REL  ACPT  //  KTRK
M2-22001,M2-22001.9000000095,PGDN KOMP BARANG & JASA PT IMSS 2022,1,REL  ACPT  //  KTRK
M2-23001,M2-23001.9000000196,PGDN KOMP BARANG & JASA PT IMSS 2023,1,REL  ACPT  //  KTRK
M2-23001,M2-23001.9000000272,PGDN KOMP BARANG & JASA PT IMSS 2023,1,REL  ACPT  //  KTRK
M2-23001,M2-23001.9000000273,PGDN KOMP BARANG & JASA PT IMSS 2023,1,REL  ACPT  //  KTRK
M2-23001,M2-23001.9000000288,PGDN KOMP BARANG & JASA PT IMSS 2023,1,REL  ACPT  //  KTRK
M2-23001,M2-23001.9000000302,PGDN KOMP BARANG & JASA PT IMSS 2023,1,REL  ACPT  //  KTRK
M2-24001,M2-24001.9000000399,FLEXI HOSE BRAKE PIPING (PGDN IMSS 2024),1,REL   //  KTRK
M3-21001,M3-21001.1200000003,PGDN KOMP BARANG & JASA PT IMST 2021,1,REL  ACPT SETC  //  KTRK
M3-21001,M3-21001.1200000006,PGDN KOMP BARANG & JASA PT IMST 2021,1,REL  SETC  //  SPH
M3-21001,M3-21001.1200000008,PGDN KOMP BARANG & JASA PT IMST 2021,1,REL  SETC  //  SPH
M3-21001,M3-21001.1200000014,PGDN KOMP BARANG & JASA PT IMST 2021,1,REL  SETC  //  SPH
M3-21001,M3-21001.1200000016,PGDN KOMP BARANG & JASA PT IMST 2021,1,REL  SETC  //  SPH
M3-21001,M3-21001.1200000019,PGDN KOMP BARANG & JASA PT IMST 2021,1,REL  SETC  //  SPH
M3-21001,M3-21001.1200000020,PGDN KOMP BARANG & JASA PT IMST 2021,1,REL  SETC  //  SPH
M3-21001,M3-21001.9000000003,PGDN KOMP BARANG & JASA PT IMST 2021,1,REL  SETC  //  KTRK
M3-21001,M3-21001.1200000024,PGDN KOMP BARANG & JASA PT IMST 2021,1,REL  SETC  //  SPH
M3-21001,M3-21001.1200000026,PGDN KOMP BARANG & JASA PT IMST 2021,1,REL  SETC  //  SPH
M3-21001,M3-21001.1200000027,PGDN KOMP BARANG & JASA PT IMST 2021,1,REL  SETC  //  SPH
M3-21001,M3-21001.1200000030,PGDN KOMP BARANG & JASA PT IMST 2021,1,REL  SETC  //  SPH
M3-21001,M3-22001.1200000036,PGDN KOMP BARANG & JASA PT IMST 2021,1,REL  SETC  //  SPH
M3-21001,M3-22001.9000000004,PGDN KOMP BARANG & JASA PT IMST 2021,1,REL  SETC  //  KTRK
M3-21001,M3-21001.9000000180,PGDN KOMP BARANG & JASA PT IMST 2021,1,REL   //  KTRK
M3-21001,M3-21001.9000000157,PGDN KOMP BARANG & JASA PT IMST 2021,1,REL  ACPT  //  KTRK
M3-21001,M3-21001.9000000186,PGDN KOMP BARANG & JASA PT IMST 2021,1,REL  ACPT  //  KTRK
M3-21001,M3-21001.9000000179,PGDN KOMP BARANG & JASA PT IMST 2021,1,REL   //  KTRK
M3-21002,M3-21002.9000000167,PEKERJAAN KALIBRASI ALAT UKUR IMST,1,REL  ACPT  //  KTRK
M3-21003,M3-21003.9000000158,"INKA MULTI SOLUSI TRADING,PT-PENGADAAN K",1,REL   //  KTRK
M3-22001,M3-22001.9000000003,PGDN KOMP BARANG & JASA PT IMST 2022,1,REL  ACPT  //  KTRK
M3-22001,M3-22001.9000000039,PGDN KOMP BARANG & JASA PT IMST 2022,1,REL  ACPT  //  KTRK
M3-22001,M3-22001.9000000062,PGDN KOMP BARANG & JASA PT IMST 2022,1,REL  ACPT  //  KTRK
M3-22002,M3-22002.9000000063,PEKERJAAN EKSTERIOR & INTERIOR KAROSERI,1,REL  ACPT  //  KTRK
M3-22003,M3-22003.9000000156,PGDN KOMP BARANG & JASA PT IMST 2022,1,REL  ACPT SETC  //  KTRK
M3-22003,M3-22003.9000000040,PGDN KOMP BARANG & JASA PT IMST 2022,1,REL   //  KTRK
M3-22003,M3-22003.9000000034,PGDN KOMP BARANG & JASA PT IMST 2022,1,REL  ACPT  //  KTRK
M3-22003,M3-22003.9000000024,PGDN KOMP BARANG & JASA PT IMST 2022,1,REL  ACPT  //  KTRK
M3-22003,M3-22003.9000000057,PGDN KOMP BARANG & JASA PT IMST 2022,1,REL  ACPT  //  KTRK
M3-22003,M3-22003.9000000089,PGDN KOMP BARANG & JASA PT IMST 2022,1,REL  ACPT  //  KTRK
M3-22003,M3-22003.9000000090,PGDN KOMP BARANG & JASA PT IMST 2022,1,REL  ACPT  //  KTRK
M3-22003,M3-22003.9000000091,PGDN KOMP BARANG & JASA PT IMST 2022,1,REL  ACPT  //  KTRK
M3-22003,M3-22003.9000000192,PGDN KOMP BARANG & JASA PT IMST 2022,1,REL  ACPT  //  KTRK
M3-22043,M3-22043.9000000066,PGDN KOMP BARANG & JASA PT IMST 2022,1,REL  ACPT  //  KTRK
M3-23001,M3-23001.9000000120,PGDN KOMP BARANG & JASA PT IMST 2023,1,REL  ACPT  //  KTRK
M3-23001,M3-23001.9000000195,PGDN KOMP BARANG & JASA PT IMST 2023,1,REL  ACPT  //  KTRK
M3-23001,M3-23001.9000000197,PGDN KOMP BARANG & JASA PT IMST 2023,1,REL  ACPT  //  KTRK
M3-23001,M3-23001.9000000172,PGDN KOMP BARANG & JASA PT IMST 2023,1,REL  ACPT  //  KTRK
M3-23001,M3-23001.9000000220,PGDN KOMP BARANG & JASA PT IMST 2023,1,REL  ACPT  //  KTRK
M3-23001,M3-23001.9000000236,PGDN KOMP BARANG & JASA PT IMST 2023,1,REL  ACPT  //  KTRK
M3-23001,M3-23001.9000000249,PGDN KOMP BARANG & JASA PT IMST 2023,1,REL   //  KTRK
M3-23001,M3-23001.9000000284,PGDN KOMP BARANG & JASA PT IMST 2023,1,REL   //  PRSL
M3-23001,M3-23001.9000000290,PGDN KOMP BARANG & JASA PT IMST 2023,1,REL  ACPT  //  KTRK
M3-23001,M3-23001.9000000314,PGDN KOMP BARANG & JASA PT IMST 2023,1,REL  ACPT  //  KTRK
M3-23002,M3-23002.9000000193,PENGADAAN COINTAINER BAIDIN PT IMST,1,REL  ACPT  //  KTRK
M3-24001,M3-24001.9000000336,PGDN KOMP BARANG & JASA PT IMST 2024,1,REL  ACPT  //  KTRK
M3-24001,M3-24001.9000000338,PGDN KOMP BARANG & JASA PT IMST 2024,1,REL  ACPT  //  KTRK
M3-24001,M3-24001.9000000339,PGDN KOMP BARANG & JASA PT IMST 2024,1,REL  ACPT  //  KTRK
M3-24001,M3-24001.9000000403,PGDN KOMP BARANG & JASA PT IMST 2024,1,REL  ACPT  //  KTRK
M3-24001,M3-24001.9000000404,PGDN KOMP BARANG & JASA PT IMST 2024,1,REL  ACPT  //  KTRK
M5-21001,M5-21001.7100000216,PENGADAAN KOMPONEN REKAINDO 2021,1,REL  ACPT  //  KTRK
M5-22001,M5-22001.7100000766,PGDN KOMP BARANG & JASA PT REKAINDO 2022,1,REL  ACPT  //  KTRK
M5-22002,M5-22002.7100000449,PEKERJAAN KALIBRASI ALAT UKUR REKAINDO,1,REL  ACPT  //  KTRK
M5-23003,M5-23003.7100001299,PGDN KOMP BARANG & JASA PT REKAINDO 2023,1,REL  ACPT  //  KTRK
M5-23003,M5-23003.7100001690,PGDN KOMP BARANG & JASA PT REKAINDO 2023,1,REL  ACPT  //  KTRK
M5-24001,M5-24001.7100001805,PGDN KOMP BARANG & JASA PT REKAINDO 2024,1,REL  ACPT  //  KTRK
M9-20003,M9-20003.9000000001,SEWA 300 CONTAINER & OPEN FRONT 20 FEET,1,REL  ACPT SETC  //  KTRK
M9-20003,M9-20003.9000000166,SEWA 300 CONTAINER & OPEN FRONT 20 FEET,1,REL  ACPT  //  KTRK
M9-20003,M9-20003.8000920003,AFTERSALES SEWA 300 & 20 FEET CONTAINER,1,REL   //  KTRK
M9-20003,M9-20003.9000000411,MODIF PETI KEMAS LN SEGITIGA-LN DATAR,1,REL   //  SPMK
M9-20008,M9-20008.9000000067,PROYEK PEMBANGUNAN JALAN TOL TEBING TING,1,REL  ACPT  //  KTRK
M9-21002,M9-21002.9000000002,262 UNIT CONTAINER FLAT TOP WAGON UGL,1,REL  ACPT SETC  //  KTRK
M9-21002,M9-21002.4501558107,262 UNIT CONTAINER FLAT TOP WAGON UGL,1,REL  ACPT  //  KTRK
M9-21002,M9-21002.4501555370,262 UNIT CONTAINER FLAT TOP WAGON UGL,1,REL  ACPT  //  KTRK
M9-21002,M9-21002.4501604207,262 UNIT CONTAINER FLAT TOP WAGON UGL,1,REL  ACPT  //  KTRK
M9-21002,M9-21002.4501604310,262 UNIT CONTAINER FLAT TOP WAGON UGL,1,REL  ACPT  //  KTRK
M9-21007,M9-21007.9000000007,PGDN KOMPONEN BAMBANG DJAJA 2021,1,REL   //  KTRK
M9-21007,M9-21007.9000000000.7,PGDN KOMPONEN BAMBANG DJAJA 2021,1,REL   //  KTRK
M9-21007,M9-21007.9000000004,PGDN KOMPONEN BAMBANG DJAJA 2021,1,REL  ACPT  //  KTRK
M9-21007,M9-21007.9000000143,PGDN KOMPONEN BAMBANG DJAJA 2021,1,REL  ACPT  //  KTRK
M9-21007,M9-21007.9000000135,PGDN KOMPONEN BAMBANG DJAJA 2021,1,REL  ACPT  //  KTRK
M9-21007,M9-21007.9000000142,PGDN KOMPONEN BAMBANG DJAJA 2021,1,REL  ACPT  //  KTRK
M9-21007,M9-21007.9000000138,PGDN KOMPONEN BAMBANG DJAJA 2021,1,REL  ACPT  //  KTRK
M9-21007,M9-21007.9000000140,PGDN KOMPONEN BAMBANG DJAJA 2021,1,REL  ACPT  //  KTRK
M9-21007,M9-21007.9000000141,PGDN KOMPONEN BAMBANG DJAJA 2021,1,REL  ACPT  //  KTRK
M9-21008,M9-21008.9000000161,PENGADAAN KOMPONEN GMB 2021,1,REL  ACPT  //  KTRK
M9-21008,M9-21008.9000000163,PENGADAAN KOMPONEN GMB 2021,1,REL  ACPT  //  KTRK
M9-21008,M9-21008.9000000016,PENGADAAN KOMPONEN GMB 2021,1,REL   //  KTRK
M9-21008,M9-21008.9000000162,PENGADAAN KOMPONEN GMB 2021,1,REL  ACPT  //  KTRK
M9-22001,M9-22001.1200000035,PEMBUATAN STOCK MODULAR PERTASHOP,1,REL  SETC  //  SPMK
M9-22002,M9-22002.4501619553,PROTOTYPE 40 FEET CONTAINER FLAT TOP WAG,1,REL  ACPT SETC  //  KTRK
M9-22002,M9-22002.9000000133,15 UNIT AC PHILIPPINES PINK ARMOUR,1,REL  ACPT  //  KTRK
M9-22002,M9-22002.8000922002,AFTERSALES 15 UN AC PINK ARMOR,1,REL   //  KTRK
M9-22003,M9-22003.9000000005,PENGADAAN KOMPONEN GMB,1,REL  SETC  //  KTRK
M9-22004,M9-22004.9000000035,PEKERJAAN RENOVASI PILOT PROJECT LAVATOR,1,REL  ACPT  //  KTRK
M9-22005,M9-22005.4501634185,262 UNIT CONTAINER FLAT TOP WAGON UGL,1,REL  ACPT  //  KTRK
M9-22005,M9-22005.4501634189,262 UNIT CONTAINER FLAT TOP WAGON UGL,1,REL  ACPT  //  KTRK
M9-22005,M9-22005.4501640026,262 UNIT CONTAINER FLAT TOP WAGON UGL,1,REL  ACPT  //  KTRK
M9-22005,M9-22005.4501696259,262 UNIT CONTAINER FLAT TOP WAGON UGL,1,REL  ACPT  //  KTRK
M9-22005,M9-22005.4501696239,262 UNIT CONTAINER FLAT TOP WAGON UGL,1,REL   //  KTRK
M9-22005,M9-22005.4501745015,262 UNIT CONTAINER FLAT TOP WAGON UGL,1,REL  ACPT  //  KTRK
M9-22005,M9-22005.4501745022,262 UNIT CONTAINER FLAT TOP WAGON UGL,1,REL  ACPT  //  KTRK
M9-22005,M9-22005.8000922005,AFTERSALES 262 UNIT FLAT TOP WAGON UGL,1,REL   //  KTRK
M9-22006,M9-22006.9000000176,PENGADAAN KOMPONEN PT BAMBANG DJAJA,1,REL  ACPT  //  KTRK
M9-22006,M9-22006.9000000176.1,PENGADAAN KOMPONEN PT BAMBANG DJAJA,2,REL  LKD   //  KTRK
M9-22006,M9-22006.9000000176.2,PENGADAAN KOMPONEN PT BAMBANG DJAJA,2,REL  LKD   //  KTRK
M9-22007,M9-22007.9000000015.0.01,PENGADAAN KOMPONEN BAMBANG DJAJA 2022,1,REL   //  KTRK
M9-22007,M9-22007.9000000019,PENGADAAN KOMPONEN BAMBANG DJAJA 2022,1,REL  ACPT  //  KTRK
M9-22007,M9-22007.9000000174,PENGADAAN KOMPONEN BAMBANG DJAJA 2022,1,REL  ACPT  //  KTRK
M9-22007,M9-22007.9000000174.1,PENGADAAN KOMPONEN BAMBANG DJAJA 2022,2,REL   //  KTRK
M9-22007,M9-22007.9000000174.2,PENGADAAN KOMPONEN BAMBANG DJAJA 2022,2,REL   //  KTRK
M9-22007,M9-22007.0900000003.7,PENGADAAN KOMPONEN BAMBANG DJAJA 2022,1,REL   //  KTRK
M9-22007,M9-22007.9000000038,PENGADAAN KOMPONEN BAMBANG DJAJA 2022,1,REL   //  KTRK
M9-22007,M9-22007.9000000148,PENGADAAN KOMPONEN BAMBANG DJAJA 2022,1,REL  ACPT  //  KTRK
M9-22007,M9-22007.9000000148.1,PENGADAAN KOMPONEN BAMBANG DJAJA 2022,2,REL   //  KTRK
M9-22007,M9-22007.9000000148.2,PENGADAAN KOMPONEN BAMBANG DJAJA 2022,2,REL   //  KTRK
M9-22007,M9-22007.9000000148.3,PENGADAAN KOMPONEN BAMBANG DJAJA 2022,2,REL   //  KTRK
M9-22007,M9-22007.9000000148.4,PENGADAAN KOMPONEN BAMBANG DJAJA 2022,2,REL   //  KTRK
M9-22007,M9-22007.9000000175,PENGADAAN KOMPONEN BAMBANG DJAJA 2022,1,REL  ACPT  //  KTRK
M9-22007,M9-22007.9000000175.1,PENGADAAN KOMPONEN BAMBANG DJAJA 2022,2,REL   //  KTRK
M9-22007,M9-22007.9000000175.2,PENGADAAN KOMPONEN BAMBANG DJAJA 2022,3,REL   //  KTRK
M9-22007,M9-22007.9000000039,PENGADAAN KOMPONEN BAMBANG DJAJA 2022,1,REL  ACPT  //  KTRK
M9-22007,M9-22007.9000000037,PENGADAAN KOMPONEN BAMBANG DJAJA 2022,1,REL  ACPT  //  KTRK
M9-22007,M9-22007.9000000177,PENGADAAN KOMPONEN BAMBANG DJAJA 2022,1,REL  ACPT  //  KTRK
M9-22007,M9-22007.9000000177.1,PENGADAAN KOMPONEN BAMBANG DJAJA 2022,2,REL   //  KTRK
M9-22007,M9-22007.9000000177.2,PENGADAAN KOMPONEN BAMBANG DJAJA 2022,2,REL   //  KTRK
M9-22007,M9-22007.9000000014,PENGADAAN KOMPONEN BAMBANG DJAJA 2022,1,REL  ACPT  //  KTRK
M9-22007,M9-22007.9000000014.1,PENGADAAN KOMPONEN BAMBANG DJAJA 2022,2,REL   //  KTRK
M9-22007,M9-22007.9000000014.2,PENGADAAN KOMPONEN BAMBANG DJAJA 2022,2,REL   //  KTRK
M9-22007,M9-22007.9000000014.3,PENGADAAN KOMPONEN BAMBANG DJAJA 2022,2,REL   //  KTRK
M9-22007,M9-22007.9000000010,PENGADAAN KOMPONEN BAMBANG DJAJA 2022,1,REL  ACPT  //  KTRK
M9-22007,M9-22007.9000000009,PENGADAAN KOMPONEN BAMBANG DJAJA 2022,1,REL  ACPT  //  KTRK
M9-22007,M9-22007.9000000011,PENGADAAN KOMPONEN BAMBANG DJAJA 2022,1,REL  ACPT  //  KTRK
M9-22007,M9-22007.9000000015,PENGADAAN KOMPONEN BAMBANG DJAJA 2022,1,REL  ACPT  //  KTRK
M9-22007,M9-22007.9000000015.1,PENGADAAN KOMPONEN BAMBANG DJAJA 2022,2,REL   //  KTRK
M9-22007,M9-22007.9000000015.2,PENGADAAN KOMPONEN BAMBANG DJAJA 2022,2,REL   //  KTRK
M9-22007,M9-22007.9000000020,PENGADAAN KOMPONEN BAMBANG DJAJA 2022,1,REL  ACPT  //  KTRK
M9-22007,M9-22007.9000000020.1,PENGADAAN KOMPONEN BAMBANG DJAJA 2022,2,REL   //  KTRK
M9-22007,M9-22007.9000000020.2,PENGADAAN KOMPONEN BAMBANG DJAJA 2022,2,REL   //  KTRK
M9-22007,M9-22007.9000000017,PENGADAAN KOMPONEN BAMBANG DJAJA 2022,1,REL  ACPT  //  KTRK
M9-22007,M9-22007.9000000018,PENGADAAN KOMPONEN BAMBANG DJAJA 2022,1,REL  ACPT  //  KTRK
M9-22007,M9-22007.9000000021,PENGADAAN KOMPONEN BAMBANG DJAJA 2022,1,REL  ACPT  //  KTRK
M9-22007,M9-22007.9000000022,PENGADAAN KOMPONEN BAMBANG DJAJA 2022,1,REL  ACPT  //  KTRK
M9-22007,M9-22007.9000000178,PENGADAAN KOMPONEN BAMBANG DJAJA 2022,1,REL  ACPT  //  KTRK
M9-22007,M9-22007.9000000178.1,PENGADAAN KOMPONEN BAMBANG DJAJA 2022,2,REL   //  KTRK
M9-22007,M9-22007.9000000178.2,PENGADAAN KOMPONEN BAMBANG DJAJA 2022,2,REL   //  KTRK
M9-22007,M9-22007.9000000052,PENGADAAN KOMPONEN BAMBANG DJAJA 2022,1,REL  ACPT  //  KTRK
M9-22007,M9-22007.9000000023,PENGADAAN KOMPONEN BAMBANG DJAJA 2022,1,REL  ACPT  //  KTRK
M9-22007,M9-22007.9000000046,PENGADAAN KOMPONEN BAMBANG DJAJA 2022,1,REL  ACPT  //  KTRK
M9-22007,M9-22007.9000000047,PENGADAAN KOMPONEN BAMBANG DJAJA 2022,1,REL  ACPT  //  KTRK
M9-22007,M9-22007.9000000048,PENGADAAN KOMPONEN BAMBANG DJAJA 2022,1,REL  ACPT  //  KTRK
M9-22007,M9-22007.9000000050,PENGADAAN KOMPONEN BAMBANG DJAJA 2022,1,REL  ACPT  //  KTRK
M9-22007,M9-22007.9000000051,PENGADAAN KOMPONEN BAMBANG DJAJA 2022,1,REL  ACPT  //  KTRK
M9-22007,M9-22007.9000000054,PENGADAAN KOMPONEN BAMBANG DJAJA 2022,1,REL  ACPT  //  KTRK
M9-22007,M9-22007.9000000071,PENGADAAN KOMPONEN BAMBANG DJAJA 2022,1,REL   //  KTRK
M9-22007,M9-22007.9000000081,PENGADAAN KOMPONEN BAMBANG DJAJA 2022,1,REL   //  KTRK
M9-22007,M9-22007.9000000085,PENGADAAN KOMPONEN BAMBANG DJAJA 2022,1,REL  ACPT  //  KTRK
M9-22007,M9-22007.9000000049,PENGADAAN KOMPONEN BAMBANG DJAJA 2022,1,REL   //  KTRK
M9-22007,M9-22007.9000000049.1,PENGADAAN KOMPONEN BAMBANG DJAJA 2022,2,REL   //  KTRK
M9-22007,M9-22007.9000000049.2,PENGADAAN KOMPONEN BAMBANG DJAJA 2022,2,REL   //  KTRK
M9-22007,M9-22007.9000000053,PENGADAAN KOMPONEN BAMBANG DJAJA 2022,1,REL   //  KTRK
M9-22007,M9-22007.9000000055,PENGADAAN KOMPONEN BAMBANG DJAJA 2022,1,REL   //  KTRK
M9-22007,M9-22007.9000000056,PENGADAAN KOMPONEN BAMBANG DJAJA 2022,1,REL   //  KTRK
M9-22007,M9-22007.9000000098,PENGADAAN KOMPONEN BAMBANG DJAJA 2022,1,REL  ACPT  //  KTRK
M9-22007,M9-22007.9000000100,PENGADAAN KOMPONEN BAMBANG DJAJA 2022,1,REL  ACPT  //  KTRK
M9-22007,M9-22007.9000000101,PENGADAAN KOMPONEN BAMBANG DJAJA 2022,1,REL  ACPT  //  KTRK
M9-22007,M9-22007.9000000102,PENGADAAN KOMPONEN BAMBANG DJAJA 2022,1,REL  ACPT  //  KTRK
M9-22007,M9-22007.9000000103,PENGADAAN KOMPONEN BAMBANG DJAJA 2022,1,REL  ACPT  //  KTRK
M9-22007,M9-22007.9000000104,PENGADAAN KOMPONEN BAMBANG DJAJA 2022,1,REL  ACPT  //  KTRK
M9-22007,M9-22007.9000000105,PENGADAAN KOMPONEN BAMBANG DJAJA 2022,1,REL  ACPT  //  KTRK
M9-22007,M9-22007.9000000106,PENGADAAN KOMPONEN BAMBANG DJAJA 2022,1,REL   //  KTRK
M9-22007,M9-22007.9000000107,PENGADAAN KOMPONEN BAMBANG DJAJA 2022,1,REL  ACPT  //  KTRK
M9-22007,M9-22007.9000000108,PENGADAAN KOMPONEN BAMBANG DJAJA 2022,1,REL  ACPT  //  KTRK
M9-22007,M9-22007.9000000114,PENGADAAN KOMPONEN BAMBANG DJAJA 2022,1,REL  ACPT  //  KTRK
M9-22007,M9-22007.9000000115,PENGADAAN KOMPONEN BAMBANG DJAJA 2022,1,REL  ACPT  //  KTRK
M9-22007,M9-22007.9000000121,PENGADAAN KOMPONEN BAMBANG DJAJA 2022,1,REL  ACPT  //  KTRK
M9-22007,M9-22007.9000000200,PENGADAAN KOMPONEN BAMBANG DJAJA 2022,1,REL   //  KTRK
M9-22007,M9-22007.9000000153,PENGADAAN KOMPONEN BAMBANG DJAJA 2022,1,REL  ACPT  //  KTRK
M9-22008,M9-22008.9000000012,PENGADAAN KOMPONEN GMB 2022,1,REL  ACPT  //  KTRK
M9-22008,M9-22008.0900000000.1,PENGADAAN KOMPONEN GMB 2022,1,REL   //  KTRK
M9-22008,M9-22008.9000000001,PENGADAAN KOMPONEN GMB 2022,1,REL  ACPT  //  KTRK
M9-22008,M9-22008.9000000045,PENGADAAN KOMPONEN GMB 2022,1,REL   //  KTRK
M9-22008,M9-22008.9000000013,PENGADAAN KOMPONEN GMB 2022,1,REL  ACPT  //  KTRK
M9-22008,M9-22008.9000000058,PENGADAAN KOMPONEN GMB 2022,1,REL  ACPT  //  KTRK
M9-22008,M9-22008.9000000190,PENGADAAN KOMPONEN GMB 2022,1,REL  ACPT  //  KTRK
M9-22008,M9-22008.9000000191,PENGADAAN KOMPONEN GMB 2022,1,REL  ACPT  //  KTRK
M9-22009,M9-22009.9000000040,JEMBATAN DARURAT,1,REL  ACPT  //  KTRK
M9-22010,M9-22010.9000000041,PENGADAAN KA CEPAT MERAH PUTIH (KCMP)/KA,1,REL  ACPT  //  KTRK
M9-22010,M9-22010.9000000042,PENGADAAN KA CEPAT MERAH PUTIH (KCMP)/KA,1,REL  ACPT  //  KTRK
M9-22010,M9-22010.9000000043,PENGADAAN KA CEPAT MERAH PUTIH (KCMP)/KA,1,REL  ACPT  //  KTRK
M9-22011,M9-22011.9000000059,PENGADAAN AC BUS KAPASITAS 19000 Kcal,1,REL  ACPT  //  KTRK
M9-22012,M9-22012.9000000060,PEMBUATAN DOOR ENGINE CONTOLLER,1,REL  ACPT  //  KTRK
M9-22013,M9-22013.9000000069,Pekerjaan Modifikasi Pintu dan Perubahan,1,REL  ACPT  //  KTRK
M9-22014,M9-22014.9000000083,PGDN PLUG IN & COLD STORAGE,1,REL  ACPT  //  KTRK
M9-22015,M9-22015.9000000084,PENGADAAN 2 UNIT PASSENGER STAIR TRUCK,1,REL  ACPT  //  KTRK
M9-22016,M9-22016.9000000086,PENGADAAN KOMPONEN DIKTI,1,REL   //  KTRK
M9-22017,M9-22017.9000000086,PENGADAAN 2 UNIT PASSENGER STAIR TRUCK,1,REL  ACPT  //  KTRK
M9-22017,M9-22017.8000922017,AFTERSALES PGDN 2 UN PASS STAIR TRUCK,1,REL   //  KTRK
M9-22018,M9-22018.4501619553,PROTOTYPE 40 FEET CONTAINER FLAT TOP WAG,1,REL   //  KTRK
M9-23001,M9-23001.9000000122,PEMBUATAN CASING AC BUS LISTRIK AICOOL,1,REL   //  KTRK
M9-23002,M9-23002.9000000087,PMBTN 450 CONTAINER FLAT TOP WAGONS KIWI,1,REL  ACPT  //  KTRK
M9-23002,M9-23002.4501765834,PMBTN 450 CONTAINER FLAT TOP WAGONS KIWI,1,REL   //  KTRK
M9-23003,M9-23003.9000000097,PENGADAAN KOMP BAMBANG DJAJA 2023,1,REL  ACPT  //  KTRK
M9-23003,M9-23003.9000000113,PENGADAAN KOMP BAMBANG DJAJA 2023,1,REL  ACPT  //  KTRK
M9-23003,M9-23003.8000923003,AFTERSALES PENGADAAN KOMP BAMBANG DJAJA,1,REL   //  KTRK
M9-23004,M9-23004.9000000099,PENGADAAN KOMPONEN GMB 2023,1,REL  ACPT  //  KTRK
M9-23004,M9-23004.9000000111,PENGADAAN KOMPONEN GMB 2023,1,REL  ACPT  //  KTRK
M9-23004,M9-23004.9000000126,PENGADAAN KOMPONEN GMB 2023,1,REL  ACPT  //  KTRK
M9-23004,M9-23004.9000000193,PENGADAAN KOMPONEN GMB 2023,1,REL  ACPT  //  KTRK
M9-23004,M9-23004.9000000127,PENGADAAN KOMPONEN GMB 2023,1,REL  ACPT  //  KTRK
M9-23004,M9-23004.9000000215,PENGADAAN KOMPONEN GMB 2023,1,REL  ACPT  //  KTRK
M9-23004,M9-23004.9000000217,PENGADAAN KOMPONEN GMB 2023,1,REL  ACPT  //  KTRK
M9-23004,M9-23004.9000000231,PENGADAAN KOMPONEN GMB 2023,1,REL  ACPT  //  KTRK
M9-23004,M9-23004.9000000245,PENGADAAN KOMPONEN GMB 2023,1,REL  ACPT  //  KTRK
M9-23004,M9-23004.9000000250,PENGADAAN KOMPONEN GMB 2023,1,REL  ACPT  //  KTRK
M9-23004,M9-23004.9000000253,PENGADAAN KOMPONEN GMB 2023,1,REL  ACPT  //  KTRK
M9-23004,M9-23004.9000000254,PENGADAAN KOMPONEN GMB 2023,1,REL  ACPT  //  KTRK
M9-23004,M9-23004.9000000265,PENGADAAN KOMPONEN GMB 2023,1,REL  ACPT  //  KTRK
M9-23004,M9-23004.9000000271,PENGADAAN KOMPONEN GMB 2023,1,REL  ACPT  //  KTRK
M9-23004,M9-23004.9000000279,PENGADAAN KOMPONEN GMB 2023,1,REL  ACPT  //  KTRK
M9-23004,M9-23004.9000000295,PENGADAAN KOMPONEN GMB 2023,1,REL  ACPT  //  KTRK
M9-23004,M9-23004.9000000296,PENGADAAN KOMPONEN GMB 2023,1,REL  ACPT  //  KTRK
M9-23004,M9-23004.9000000297,PENGADAAN KOMPONEN GMB 2023,1,REL  ACPT  //  KTRK
M9-23004,M9-23004.9000000316,PENGADAAN KOMPONEN GMB 2023,1,REL  ACPT  //  KTRK
M9-23004,M9-23004.9000000317,PENGADAAN KOMPONEN GMB 2023,1,REL  ACPT  //  KTRK
M9-23004,M9-23004.9000000341,PENGADAAN KOMPONEN GMB 2023,1,REL  ACPT  //  KTRK
M9-23005,M9-23005.9000000194,PEKERJAAN RENOVASI TOILET KMP PORTLINK 0,1,REL   //  KTRK
M9-23005,M9-23005.8000923005,AFTERSALES PKRJN RENOV TOILET PORTLINK 0,1,REL   //  KTRK
M9-23006,M9-23006.9000000201,PKRJN KURSI PENUMPANG KAPAL PORTLINK III,1,REL  ACPT  //  KTRK
M9-23006,M9-23006.8000923006,AFTERSALES PKRJN KURSI KPAL PORTLINK III,1,REL   //  KTRK
M9-23007,M9-23007.9000000283,PEMBELIAN KOMPONEN GRILL AC DIFFUSER,1,REL   //  KTRK
M9-23007,M9-23007.9000000352,PEMBELIAN KOMPONEN GRILL AC DIFFUSER,1,REL  ACPT  //  KTRK
M9-23008,M9-23008.9000000311,PROTOTYPE KCMP TAHAP II MF 2023 MASKARA,1,REL   //  KTRK
M9-23008,M9-23008.9000000313,PROTOTYPE KCMP TAHAP II MF 2023 DRIVER D,1,REL   //  KTRK
M9-23008,M9-23008.9000000315,PROTOTYPE KCMP TAHAP II MF 2023 INT CABI,1,REL   //  KTRK
M9-23008,M9-23008.9000000321,PROTOTYPE KCMP TAHAP II MF 2023 WINDOW,1,REL   //  KTRK
M9-24001,M9-24001.9000000342,RENOV TOILET DECK 1 & LUAR KMP LEGUNDI,1,REL   //  KTRK
M9-24002,M9-24002.9000000344,PENJUALAN DISPENSER WELLDONE,1,REL  ACPT  //  KTRK
M9-24002,M9-24002.9000000425,PENJUALAN DISPENSER WELLDONE,1,REL  ACPT  //  KTRK
M9-24004,M9-24004.9000000419,PGDN RODA & AXLE SHAFT LOCO & KRDE/E 24,1,REL   //  KTRK
M9-24005,M9-24005.9000000422,PGDN KCMP TAHAP 3 (INSTLSI PGJN DUCTING),1,REL  ACPT  //  KTRK
M9-24006,M9-24006.9000000423,PEKERJAAN RENOV KAMAR MANDI KM TIDAR,1,REL   //  SPMK
